TIME(s);RPM(r/min);TPS(%);MAP(kPa);CLT(°C);IAT(°C);AOut(V);AccVoltage(V)
0,00;1388;0;11;92;16;0,00;15,37;
0,03;1381;0;12;92;16;0,00;15,37;
0,06;1381;0;10;92;16;0,00;15,37;
0,09;1381;0;11;92;16;0,00;15,37;
0,12;1387;0;10;92;16;0,00;15,37;
0,16;1387;0;10;92;16;0,00;15,37;
0,18;1387;0;11;92;16;0,00;15,37;
0,21;1389;0;10;92;16;0,00;15,37;
0,25;1389;0;11;92;16;0,00;15,37;
0,28;1389;0;10;92;16;0,00;15,37;
0,31;1388;0;11;92;16;0,00;15,37;
0,34;1388;0;10;92;16;0,00;15,37;
0,37;1388;0;12;92;16;0,00;15,37;
0,40;1389;0;9;92;16;0,00;15,37;
0,43;1389;0;10;92;16;0,00;15,37;
0,46;1389;0;11;92;16;0,00;15,37;
0,49;1389;0;10;92;16;0,00;15,37;
0,53;1389;0;12;92;16;0,00;15,37;
0,56;1394;0;11;92;16;0,00;15,37;
0,59;1394;0;11;92;16;0,00;15,37;
0,62;1394;0;9;92;16;0,00;15,37;
0,65;1392;0;12;92;16;0,00;15,37;
0,68;1392;0;10;92;16;0,00;15,37;
0,71;1392;0;12;92;16;0,00;15,37;
0,74;1393;0;9;95;16;0,00;15,37;
0,78;1393;0;11;92;16;0,00;15,37;
0,81;1393;0;11;92;16;0,00;15,37;
0,84;1394;0;10;92;16;0,00;15,37;
0,87;1394;0;11;92;16;0,00;15,37;
0,90;1390;0;10;92;16;0,00;15,37;
0,93;1390;0;12;92;16;0,00;15,37;
0,96;1390;0;10;92;16;0,00;15,37;
0,99;1385;0;10;92;16;0,00;15,37;
1,03;1385;0;10;92;16;0,00;15,37;
1,06;1385;0;10;92;16;0,00;15,37;
1,09;1386;0;11;92;16;0,00;15,37;
1,12;1386;0;10;92;16;0,00;15,37;
1,15;1386;0;11;92;16;0,00;15,37;
1,18;1388;0;10;92;16;0,00;15,37;
1,21;1388;0;11;92;16;0,00;15,37;
1,25;1388;0;9;92;16;0,00;15,37;
1,28;1388;0;12;92;16;0,00;15,37;
1,31;1388;0;10;92;16;0,00;15,37;
1,34;1390;0;12;92;16;0,00;15,37;
1,37;1390;0;11;92;16;0,00;15,37;
1,40;1390;0;10;92;16;0,00;15,37;
1,43;1395;0;10;92;16;0,00;15,37;
1,47;1395;0;10;95;16;0,00;15,37;
1,49;1395;0;11;95;16;0,00;15,37;
1,53;1397;0;10;92;16;0,00;15,37;
1,56;1397;0;12;92;16;0,00;15,37;
1,59;1397;0;9;92;16;0,00;15,37;
1,62;1394;0;12;92;16;0,00;15,37;
1,65;1394;0;10;91;16;0,00;15,37;
1,69;1391;0;11;92;16;0,00;15,37;
1,71;1391;0;11;92;16;0,00;15,37;
1,74;1391;0;10;92;16;0,00;15,37;
1,78;1387;0;10;92;16;0,00;15,37;
1,81;1387;0;10;92;16;0,00;15,37;
1,84;1387;0;12;95;16;0,00;15,37;
1,87;1382;0;10;95;16;0,00;15,37;
1,91;1382;0;11;92;16;0,00;15,37;
1,93;1382;0;11;92;16;0,00;15,37;
1,96;1384;0;10;92;16;0,00;15,37;
1,99;1384;0;11;92;16;0,00;15,37;
2,02;1379;0;10;92;16;0,00;15,37;
2,06;1379;0;11;92;16;0,00;15,37;
2,09;1379;0;12;92;16;0,00;15,37;
2,13;1381;0;13;92;16;0,00;15,37;
2,15;1381;0;10;92;16;0,00;15,37;
2,18;1381;0;11;92;16;0,00;15,37;
2,21;1378;0;11;92;16;0,00;15,37;
2,24;1378;0;10;95;16;0,00;15,37;
2,28;1378;0;11;95;16;0,00;15,37;
2,31;1372;0;11;95;16;0,00;15,37;
2,34;1372;0;12;92;16;0,00;15,37;
2,37;1377;0;10;92;16;0,00;15,37;
2,40;1377;0;12;92;16;0,00;15,37;
2,43;1377;0;11;92;16;0,00;15,37;
2,46;1367;0;10;92;16;0,00;15,37;
2,49;1367;0;11;92;16;0,00;15,37;
2,53;1367;0;12;92;16;0,00;15,37;
2,56;1358;0;11;92;16;0,00;15,37;
2,59;1358;0;10;92;16;0,00;15,37;
2,62;1358;0;11;92;16;0,00;15,37;
2,65;1356;0;11;95;16;0,00;15,37;
2,68;1356;0;10;92;16;0,00;15,37;
2,71;1356;0;11;95;16;0,00;15,37;
2,74;1350;0;12;92;16;0,00;15,37;
2,79;1350;0;12;95;16;0,00;15,37;
2,81;1350;0;11;92;16;0,00;15,37;
2,84;1351;0;10;92;16;0,00;15,37;
2,87;1351;0;11;92;16;0,00;15,37;
2,90;1356;0;10;95;16;0,00;15,37;
2,93;1356;0;10;95;16;0,00;15,37;
2,96;1356;0;10;95;16;0,00;15,37;
3,00;1358;0;12;92;16;0,00;15,37;
3,03;1358;0;12;92;16;0,00;15,37;
3,06;1358;0;10;92;16;0,00;15,37;
3,09;1361;0;12;95;16;0,00;15,37;
3,12;1361;0;10;92;16;0,00;15,37;
3,16;1361;0;11;95;16;0,00;15,37;
3,18;1365;0;10;92;16;0,00;15,37;
3,22;1365;0;10;92;16;0,00;15,37;
3,24;1365;0;11;95;16;0,00;15,37;
3,27;1368;0;10;92;16;0,00;15,37;
3,31;1368;0;11;95;16;0,00;15,37;
3,34;1368;0;10;92;16;0,00;15,37;
3,37;1370;0;10;95;16;0,00;15,37;
3,40;1370;0;10;95;16;0,00;15,37;
3,44;1372;0;11;95;16;0,00;15,37;
3,46;1372;0;11;95;16;0,00;15,37;
3,49;1372;0;11;92;16;0,00;15,37;
3,53;1370;0;13;92;16;0,00;15,37;
3,56;1370;0;10;92;16;0,00;15,37;
3,59;1370;0;11;95;16;0,00;15,37;
3,62;1370;0;10;92;16;0,00;15,37;
3,66;1370;0;10;92;16;0,00;15,37;
3,68;1370;0;11;95;16;0,00;15,37;
3,71;1378;0;10;92;16;0,00;15,37;
3,74;1378;0;12;95;16;0,00;15,37;
3,78;1378;0;10;92;16;0,00;15,37;
3,80;1379;0;10;92;16;0,00;15,37;
3,84;1379;0;11;92;16;0,00;15,37;
3,88;1379;0;10;92;16;0,00;15,37;
3,90;1379;0;11;95;16;0,00;15,37;
3,93;1379;0;10;92;16;0,00;15,37;
3,96;1380;0;11;95;16;0,00;15,37;
3,99;1380;0;10;92;16;0,00;15,37;
4,02;1380;0;12;95;16;0,00;15,37;
4,06;1373;0;10;95;16;0,00;15,37;
4,10;1373;0;12;92;16;0,00;15,37;
4,12;1371;0;10;92;16;0,00;15,37;
4,16;1371;0;10;92;16;0,00;15,37;
4,18;1371;0;12;95;16;0,00;15,37;
4,21;1367;0;10;95;16;0,00;15,37;
4,24;1367;0;12;92;16;0,00;15,37;
4,28;1367;0;10;92;16;0,00;15,37;
4,32;1367;0;10;95;16;0,00;15,37;
4,34;1367;0;11;95;16;0,00;15,37;
4,37;1367;0;10;95;16;0,00;15,37;
4,40;1371;0;12;92;16;0,00;15,37;
4,43;1371;0;10;92;16;0,00;15,37;
4,46;1371;0;12;95;16;0,00;15,37;
4,49;1376;0;10;95;16;0,00;15,37;
4,53;1376;0;12;95;16;0,00;15,37;
4,56;1376;0;11;95;16;0,00;15,37;
4,59;1380;0;10;95;16;0,00;15,37;
4,62;1380;0;10;95;16;0,00;15,37;
4,66;1382;0;10;95;16;0,00;15,37;
4,68;1382;0;12;92;16;0,00;15,37;
4,71;1382;0;11;95;16;0,00;15,37;
4,75;1383;0;12;95;16;0,00;15,37;
4,78;1383;0;10;92;16;0,00;15,37;
4,81;1383;0;12;95;16;0,00;15,37;
4,84;1390;0;10;95;16;0,00;15,37;
4,87;1390;0;10;95;16;0,00;15,37;
4,90;1390;0;11;95;16;0,00;15,37;
4,93;1386;0;12;95;16;0,00;15,37;
4,97;1386;0;11;95;16;0,00;15,37;
4,99;1386;0;10;92;16;0,00;15,37;
5,03;1373;0;10;95;16;0,00;15,37;
5,06;1373;0;10;95;16;0,00;15,37;
5,10;1339;0;10;95;16;0,00;15,37;
5,12;1339;0;12;95;16;0,00;15,37;
5,15;1339;0;13;92;16;0,00;15,37;
5,19;1346;0;10;95;16;0,00;15,37;
5,21;1346;0;12;95;16;0,00;15,37;
5,24;1346;0;10;95;16;0,00;15,37;
5,28;1346;0;13;95;16;0,00;15,37;
5,31;1346;0;10;92;16;0,00;15,37;
5,34;1346;0;11;95;16;0,00;15,37;
5,37;1349;0;10;95;16;0,00;15,37;
5,41;1349;0;10;95;16;0,00;15,37;
5,43;1349;0;13;92;16;0,00;15,37;
5,46;1346;0;10;95;16;0,00;15,37;
5,49;1346;0;11;95;16;0,00;15,37;
5,52;1346;0;11;95;16;0,00;15,37;
5,56;1344;0;10;95;16;0,00;15,37;
5,59;1344;0;10;95;16;0,00;15,37;
5,63;1348;0;10;95;16;0,00;15,37;
5,66;1348;0;12;95;16;0,00;15,37;
5,68;1348;0;11;95;16;0,00;15,37;
5,71;1358;0;13;92;16;0,00;15,37;
5,75;1358;0;11;95;16;0,00;15,37;
5,78;1358;0;10;95;16;0,00;15,37;
5,81;1361;0;10;95;16;0,00;15,37;
5,85;1361;0;11;95;16;0,00;15,37;
5,87;1361;0;10;95;16;0,00;15,37;
5,90;1362;0;11;95;16;0,00;15,37;
5,93;1362;0;10;95;16;0,00;15,37;
5,96;1362;0;11;95;16;0,00;15,37;
5,99;1363;0;11;95;16;0,00;15,37;
6,03;1363;0;10;95;16;0,00;15,37;
6,07;1363;0;10;92;16;0,00;15,37;
6,09;1366;0;10;95;16;0,00;15,37;
6,12;1366;0;10;95;16;0,00;15,37;
6,15;1367;0;11;95;16;0,00;15,37;
6,18;1367;0;13;95;16;0,00;15,37;
6,21;1367;0;10;95;16;0,00;15,37;
6,24;1368;0;10;95;16;0,00;15,37;
6,29;1368;0;10;95;16;0,00;15,37;
6,31;1368;0;10;95;16;0,00;15,37;
6,34;1372;0;10;95;16;0,00;15,37;
6,37;1372;0;12;95;16;0,00;15,37;
6,41;1372;0;11;95;16;0,00;15,37;
6,43;1375;0;10;92;16;0,00;15,37;
6,46;1375;0;10;92;16;0,00;15,37;
6,51;1375;0;11;92;16;0,00;15,37;
6,53;1372;0;10;95;16;0,00;15,37;
6,56;1372;0;12;95;16;0,00;15,37;
6,59;1375;0;11;95;16;0,00;15,37;
6,62;1375;0;12;95;16;0,00;15,37;
6,65;1375;0;10;95;16;0,00;15,37;
6,68;1373;0;10;95;16;0,00;15,37;
6,72;1373;0;10;92;16;0,00;15,37;
6,75;1373;0;12;95;16;0,00;15,37;
6,78;1366;0;11;95;16;0,00;15,37;
6,81;1366;0;10;95;16;0,00;15,37;
6,84;1366;0;12;95;16;0,00;15,37;
6,87;1365;0;10;95;16;0,00;15,37;
6,90;1365;0;11;95;16;0,00;15,37;
6,94;1365;0;11;95;16;0,00;15,37;
6,96;1365;0;10;95;16;0,00;15,37;
6,99;1365;0;12;96;16;0,00;15,37;
7,02;1363;0;10;95;16;0,00;15,37;
7,06;1363;0;13;95;16;0,00;15,37;
7,09;1363;0;10;95;16;0,00;15,37;
7,12;1364;0;10;95;16;0,00;15,37;
7,17;1364;0;10;95;16;0,00;15,37;
7,19;1364;0;10;95;16;0,00;15,37;
7,21;1364;0;11;95;16;0,00;15,37;
7,24;1364;0;10;95;16;0,00;15,37;
7,28;1364;0;11;95;16;0,00;15,37;
7,30;1361;0;10;95;16;0,00;15,37;
7,34;1361;0;10;95;16;0,00;15,37;
7,38;1361;0;11;95;16;0,00;15,37;
7,40;1365;0;10;95;16;0,00;15,37;
7,43;1365;0;13;95;16;0,00;15,37;
7,46;1371;0;10;95;16;0,00;15,37;
7,50;1371;0;12;95;16;0,00;15,37;
7,52;1371;0;11;95;16;0,00;15,37;
7,56;1373;0;10;95;16;0,00;15,37;
7,60;1373;0;10;95;16;0,00;15,37;
7,62;1373;0;10;95;16;0,00;15,37;
7,65;1371;0;12;95;16;0,00;15,37;
7,68;1371;0;10;95;16;0,00;15,37;
7,72;1371;0;12;95;16;0,00;15,37;
7,74;1372;0;10;95;16;0,00;15,37;
7,78;1372;0;10;95;16;0,00;15,37;
7,82;1373;0;11;95;16;0,00;15,37;
7,85;1373;0;10;95;16;0,00;15,37;
7,87;1373;0;11;95;16;0,00;15,37;
7,90;1374;0;11;95;16;0,00;15,37;
7,94;1374;0;10;95;16;0,00;15,37;
7,96;1374;0;10;95;16;0,00;15,37;
7,99;1376;0;10;95;16;0,00;15,37;
8,04;1376;0;11;95;16;0,00;15,37;
8,06;1376;0;10;95;16;0,00;15,37;
8,09;1376;0;10;95;16;0,00;15,37;
8,12;1376;0;10;92;16;0,00;15,37;
8,15;1376;0;11;95;16;0,00;15,37;
8,18;1377;0;10;95;16;0,00;15,37;
8,21;1377;0;10;95;16;0,00;15,37;
8,26;1380;0;10;95;16;0,00;15,37;
8,28;1380;0;10;95;16;0,00;15,37;
8,31;1380;0;11;95;16;0,00;15,37;
8,34;1387;0;12;95;16;0,00;15,37;
8,37;1387;0;11;95;16;0,00;15,37;
8,40;1387;0;10;92;16;0,00;15,37;
8,43;1382;0;9;95;16;0,00;15,37;
8,48;1382;0;10;92;16;0,00;15,37;
8,49;1382;0;10;95;16;0,00;15,37;
8,52;1380;0;11;95;16;0,00;15,37;
8,56;1380;0;10;95;16;0,00;15,37;
8,59;1380;0;11;95;16;0,00;15,37;
8,62;1382;0;10;95;16;0,00;15,37;
8,65;1382;0;11;95;16;0,00;15,37;
8,70;1382;0;11;95;16;0,00;15,37;
8,73;1382;0;12;95;16;0,00;15,37;
8,74;1382;0;10;95;16;0,00;15,37;
8,78;1379;0;12;95;16;0,00;15,37;
8,81;1379;0;11;95;16;0,00;15,37;
8,84;1379;0;10;95;16;0,00;15,37;
8,87;1381;0;10;95;16;0,00;15,37;
8,92;1381;0;10;95;16;0,00;15,37;
8,93;1381;0;11;95;16;0,00;15,37;
8,96;1376;0;10;95;16;0,00;15,37;
8,99;1376;0;12;95;16;0,00;15,37;
9,03;1376;0;10;95;16;0,00;15,37;
9,06;1372;0;10;95;16;0,00;15,37;
9,09;1372;0;11;95;16;0,00;15,37;
9,14;1378;0;12;95;16;0,00;15,37;
9,16;1378;0;12;95;16;0,00;15,37;
9,18;1378;0;10;95;16;0,00;15,37;
9,21;1378;0;11;95;16;0,00;15,37;
9,25;1378;0;11;95;16;0,00;15,37;
9,27;1378;0;10;95;16;0,00;15,37;
9,30;1378;0;12;95;16;0,00;15,37;
9,35;1378;0;10;95;16;0,00;15,37;
9,37;1378;0;12;95;16;0,00;15,37;
9,40;1378;0;10;95;16;0,00;15,37;
9,43;1378;0;11;95;16;0,00;15,37;
9,47;1378;0;11;95;16;0,00;15,37;
9,49;1375;0;10;95;16;0,00;15,37;
9,53;1375;0;12;95;16;0,00;15,37;
9,57;1379;0;10;95;16;0,00;15,37;
9,59;1379;0;12;95;16;0,00;15,37;
9,62;1379;0;10;95;16;0,00;15,37;
9,65;1382;0;11;91;16;0,00;15,37;
9,68;1382;0;10;95;16;0,00;15,37;
9,71;1382;0;10;95;16;0,00;15,37;
9,74;1381;0;12;95;16;0,00;15,37;
9,79;1381;0;11;96;16;0,00;15,37;
9,81;1381;0;11;95;16;0,00;15,37;
9,84;1385;0;11;95;16;0,00;15,37;
9,87;1385;0;10;95;16;0,00;15,37;
9,91;1385;0;10;95;16;0,00;15,37;
9,93;1382;0;10;95;16;0,00;15,37;
9,96;1382;0;10;95;16;0,00;15,37;
10,02;1383;0;11;95;16;0,00;15,37;
10,04;1383;0;11;95;16;0,00;15,37;
10,05;1383;0;10;95;16;0,00;15,37;
10,09;1385;0;10;95;16;0,00;15,37;
10,12;1385;0;10;95;16;0,00;15,37;
10,15;1385;0;11;95;16;0,00;15,37;
10,18;1388;0;11;95;16;0,00;15,37;
10,23;1388;0;12;95;16;0,00;15,37;
10,25;1388;0;11;95;16;0,00;15,37;
10,27;1393;0;11;95;16;0,00;15,37;
10,31;1393;0;10;95;16;0,00;15,37;
10,34;1396;0;10;95;16;0,00;15,37;
10,37;1396;0;11;95;16;0,00;15,37;
10,40;1399;0;10;95;16;0,00;15,37;
10,45;1399;0;10;95;16;0,00;15,37;
10,47;1399;0;10;95;16;0,00;15,37;
10,49;1399;0;11;95;16;0,00;15,37;
10,53;1403;0;10;95;16;0,00;15,37;
10,56;1403;0;12;95;16;0,00;15,37;
10,59;1400;0;9;95;16;0,00;15,37;
10,62;1400;0;10;95;16;0,00;15,37;
10,67;1400;0;11;95;16;0,00;15,37;
10,69;1397;0;10;95;16;0,00;15,37;
10,71;1397;0;11;95;16;0,00;15,37;
10,74;1397;0;12;95;16;0,00;15,37;
10,78;1399;0;11;91;16;0,00;15,37;
10,81;1399;0;10;95;16;0,00;15,37;
10,84;1403;0;12;95;16;0,00;15,37;
10,89;1403;0;9;95;16;0,00;15,37;
10,90;1403;0;12;95;16;0,00;15,37;
10,93;1403;0;10;95;16;0,00;15,37;
10,96;1400;0;11;95;16;0,00;15,37;
11,00;1400;0;10;95;16;0,00;15,37;
11,03;1403;0;10;95;16;0,00;15,37;
11,05;1403;0;11;95;16;0,00;15,37;
11,11;1403;0;11;95;16;0,00;15,37;
11,12;1402;0;10;95;16;0,00;15,37;
11,15;1402;0;10;95;16;0,00;15,37;
11,18;1403;0;10;95;16;0,00;15,37;
11,22;1403;0;9;95;16;0,00;15,37;
11,24;1403;0;11;95;16;0,00;15,37;
11,27;1397;0;10;95;16;0,00;15,37;
11,32;1397;0;10;95;16;0,00;15,37;
11,35;1397;0;10;95;16;0,00;15,37;
11,37;1395;0;11;95;16;0,00;15,37;
11,40;1395;0;12;95;16;0,00;15,37;
11,45;1395;0;9;95;16;0,00;15,37;
11,46;1383;0;11;95;16;0,00;15,37;
11,49;1383;0;10;95;16;0,00;15,37;
11,55;1375;0;10;95;16;0,00;15,37;
11,57;1375;0;9;96;16;0,00;15,37;
11,59;1375;0;11;95;16;0,00;15,37;
11,62;1378;0;10;95;16;0,00;15,37;
11,65;1378;0;10;96;16;0,00;15,37;
11,68;1378;0;11;96;16;0,00;15,37;
11,71;1377;0;11;95;16;0,00;15,37;
11,76;1377;0;10;95;16;0,00;15,37;
11,78;1377;0;10;95;16;0,00;15,37;
11,80;1368;0;12;95;16;0,00;15,37;
11,84;1368;0;10;95;16;0,00;15,37;
11,88;1368;0;10;95;16;0,00;15,37;
11,90;1367;0;11;95;16;0,00;15,37;
11,93;1367;0;10;95;16;0,00;15,37;
11,98;1363;0;10;95;16;0,00;15,37;
12,00;1363;0;10;95;16;0,00;15,37;
12,03;1363;0;13;95;16;0,00;15,37;
12,06;1366;0;11;95;16;0,00;15,37;
12,10;1366;0;10;95;16;0,00;15,37;
12,12;1366;0;11;95;16;0,00;15,37;
12,15;1366;0;10;95;16;0,00;15,37;
12,20;1366;0;10;95;16;0,00;15,37;
12,23;1366;0;10;95;16;0,00;15,37;
12,24;1368;0;10;95;16;0,00;15,37;
12,27;1368;0;11;95;16;0,00;15,37;
12,32;1368;0;13;95;16;0,00;15,37;
12,34;1368;0;11;95;16;0,00;15,37;
12,37;1368;0;10;95;16;0,00;15,37;
12,42;1368;0;11;95;16;0,00;15,37;
12,43;1366;0;11;95;16;0,00;15,37;
12,46;1366;0;11;95;16;0,00;15,37;
12,49;1365;0;10;95;16;0,00;15,37;
12,53;1365;0;10;95;16;0,00;15,37;
12,56;1365;0;12;95;16;0,00;15,37;
12,59;1364;0;10;95;16;0,00;15,37;
12,64;1364;0;10;95;16;0,00;15,37;
12,66;1364;0;10;95;16;0,00;15,37;
12,68;1360;0;10;95;16;0,00;15,37;
12,71;1360;0;10;92;16;0,00;15,37;
12,75;1360;0;10;95;16;0,00;15,37;
12,78;1359;0;11;95;16;0,00;15,37;
12,81;1359;0;11;95;16;0,00;15,37;
12,86;1359;0;12;95;16;0,00;15,37;
12,87;1359;0;11;95;16;0,00;15,37;
12,90;1359;0;10;95;16;0,00;15,37;
12,93;1359;0;11;95;16;0,00;15,37;
12,97;1361;0;10;95;16;0,00;15,37;
12,99;1361;0;13;95;16;0,00;15,37;
13,02;1362;0;11;95;16;0,00;15,37;
13,07;1362;0;12;95;16;0,00;15,37;
13,09;1362;0;12;95;16;0,00;15,37;
13,12;1363;0;11;95;16;0,00;15,37;
13,15;1363;0;10;95;16;0,00;15,37;
13,19;1363;0;10;95;16;0,00;15,37;
13,21;1368;0;11;95;16;0,00;15,37;
13,24;1368;0;10;95;16;0,00;15,37;
13,30;1368;0;11;95;16;0,00;15,37;
13,31;1370;0;11;95;16;0,00;15,37;
13,34;1370;0;10;95;16;0,00;15,37;
13,37;1375;0;10;95;16;0,00;15,37;
13,41;1375;0;10;95;16;0,00;15,37;
13,43;1375;0;11;95;16;0,00;15,37;
13,46;1378;0;9;95;16;0,00;15,37;
13,52;1378;0;10;95;16;0,00;15,37;
13,54;1378;0;11;95;16;0,00;15,37;
13,55;1384;0;10;95;16;0,00;15,37;
13,59;1384;0;10;95;16;0,00;15,37;
13,63;1384;0;10;95;16;0,00;15,37;
13,65;1382;0;12;95;16;0,00;15,37;
13,68;1382;0;10;95;16;0,00;15,37;
13,73;1382;0;12;95;16;0,00;15,37;
13,74;1388;0;11;95;16;0,00;15,37;
13,77;1388;0;10;95;16;0,00;15,37;
13,81;1390;0;10;95;16;0,00;15,37;
13,85;1390;0;12;95;16;0,00;15,37;
13,87;1390;0;11;95;16;0,00;15,37;
13,90;1393;0;9;95;16;0,00;15,37;
13,95;1393;0;10;95;16;0,00;15,37;
13,97;1393;0;10;95;16;0,00;15,37;
13,99;1397;0;12;95;16;0,00;15,37;
14,02;1397;0;12;95;16;0,00;15,37;
14,07;1397;0;10;95;16;0,00;15,37;
14,09;1394;0;11;95;16;0,00;15,37;
14,12;1394;0;10;95;16;0,00;15,37;
14,17;1385;0;9;95;16;0,00;15,37;
14,19;1385;0;10;95;16;0,00;15,37;
14,21;1385;0;12;95;16;0,00;15,37;
14,24;1380;0;10;95;16;0,00;15,37;
14,28;1380;0;12;95;16;0,00;15,37;
14,30;1380;0;10;95;16;0,00;15,37;
14,34;1379;0;11;95;16;0,00;15,37;
14,39;1379;0;12;91;16;0,00;15,37;
14,42;1379;0;10;95;16;0,00;15,37;
14,43;1377;0;11;95;16;0,00;15,37;
14,46;1377;0;11;95;16;0,00;15,37;
14,50;1377;0;11;95;16;0,00;15,37;
14,53;1375;0;9;95;16;0,00;15,37;
14,56;1375;0;12;95;16;0,00;15,37;
14,61;1369;0;11;95;16;0,00;15,37;
14,62;1369;0;11;95;16;0,00;15,37;
14,65;1369;0;11;95;16;0,00;15,37;
14,68;1370;0;11;95;16;0,00;15,37;
14,72;1370;0;12;95;16;0,00;15,37;
14,74;1370;0;10;95;16;0,00;15,37;
14,77;1366;0;10;95;16;0,00;15,37;
14,82;1366;0;10;95;16;0,00;15,37;
14,85;1366;0;11;95;16;0,00;15,37;
14,87;1363;0;11;95;16;0,00;15,37;
14,90;1363;0;12;95;16;0,00;15,37;
14,94;1363;0;12;95;16;0,00;15,37;
14,96;1366;0;10;95;16;0,00;15,37;
14,99;1366;0;11;95;16;0,00;15,37;
15,05;1366;0;12;95;16;0,00;15,37;
15,07;1366;0;10;95;16;0,00;15,37;
15,09;1366;0;11;95;16;0,00;15,37;
15,12;1364;0;11;95;16;0,00;15,37;
15,16;1364;0;12;95;16;0,00;15,37;
15,18;1364;0;11;95;16;0,00;15,37;
15,21;1360;0;10;95;16;0,00;15,37;
15,27;1360;0;10;95;16;0,00;15,37;
15,28;1360;0;10;95;16;0,00;15,37;
15,30;1355;0;12;95;16;0,00;15,37;
15,34;1355;0;13;95;16;0,00;15,37;
15,38;1355;0;11;95;16;0,00;15,37;
15,40;1350;0;11;96;16;0,00;15,37;
15,43;1350;0;10;95;16;0,00;15,37;
15,48;1350;0;10;95;16;0,00;15,37;
15,50;1347;0;10;95;16;0,00;15,37;
15,52;1347;0;11;95;16;0,00;15,37;
15,55;1349;0;10;95;16;0,00;15,37;
15,60;1349;0;10;95;16;0,00;15,37;
15,62;1349;0;11;95;16;0,00;15,37;
15,65;1347;0;10;95;16;0,00;15,37;
15,71;1347;0;10;95;16;0,00;15,37;
15,73;1347;0;11;95;16;0,00;15,37;
15,74;1340;0;10;96;16;0,00;15,37;
15,78;1340;0;10;95;16;0,00;15,37;
15,82;1340;0;10;95;16;0,00;15,37;
15,84;1345;0;13;95;16;0,00;15,37;
15,87;1345;0;11;95;16;0,00;15,37;
15,92;1345;0;11;95;16;0,00;15,37;
15,93;1345;0;12;95;16;0,00;15,37;
15,96;1345;0;10;95;16;0,00;15,37;
15,99;1345;0;10;95;16;0,00;15,37;
16,04;1349;0;11;95;16;0,00;15,37;
16,06;1349;0;10;95;16;0,00;15,37;
16,09;1349;0;12;95;16;0,00;15,37;
16,14;1349;0;12;95;16;0,00;15,37;
16,16;1349;0;12;95;16;0,00;15,37;
16,18;1349;0;11;95;16;0,00;15,37;
16,21;1358;0;13;95;16;0,00;15,37;
16,25;1358;0;12;95;16;0,00;15,37;
16,28;1357;0;11;95;16;0,00;15,37;
16,31;1357;0;13;95;16;0,00;15,37;
16,36;1357;0;12;95;16;0,00;15,37;
16,38;1363;0;11;95;16;0,00;15,37;
16,40;1363;0;12;95;16;0,00;15,37;
16,43;1363;0;12;95;16;0,00;15,37;
16,47;1361;0;12;95;16;0,00;15,37;
16,49;1361;0;10;95;16;0,00;15,37;
16,53;1363;0;12;95;16;0,00;15,37;
16,58;1363;0;12;95;16;0,00;15,37;
16,61;1363;0;12;95;16;0,00;15,37;
16,62;1363;0;11;95;16;0,00;15,37;
16,65;1364;0;11;95;16;0,00;15,37;
16,69;1364;0;11;96;16;0,00;15,37;
16,72;1364;0;10;95;16;0,00;15,37;
16,74;1367;0;11;95;16;0,00;15,37;
16,80;1367;0;10;95;16;0,00;15,37;
16,82;1366;0;10;95;16;0,00;15,37;
16,84;1366;0;12;95;16;0,00;15,37;
16,87;1366;0;11;95;16;0,00;15,37;
16,91;1367;0;12;95;16;0,00;15,37;
16,93;1367;0;11;95;16;0,00;15,37;
16,96;1368;0;11;96;16;0,00;15,37;
17,02;1368;0;13;95;16;0,00;15,37;
17,04;1368;0;10;95;16;0,00;15,37;
17,06;1368;0;12;95;16;0,00;15,37;
17,08;1364;0;12;95;16;0,00;15,37;
17,13;1364;0;12;95;16;0,00;15,37;
17,15;1369;0;10;95;16;0,00;15,37;
17,18;1369;0;11;95;16;0,00;15,37;
17,23;1369;0;10;95;16;0,00;15,37;
17,25;1368;0;10;95;16;0,00;15,37;
17,28;1368;0;11;95;16;0,00;15,37;
17,31;1368;0;11;95;16;0,00;15,37;
17,35;1367;0;10;95;16;0,00;15,37;
17,37;1367;0;11;95;16;0,00;15,37;
17,40;1368;0;10;95;16;0,00;15,37;
17,45;1368;0;10;95;16;0,00;15,37;
17,47;1368;0;10;95;16;0,00;15,37;
17,49;1368;0;12;95;16;0,00;15,37;
17,52;1370;0;12;95;16;0,00;15,37;
17,57;1370;0;10;95;16;0,00;15,37;
17,60;1370;0;11;95;16;0,00;15,37;
17,62;1368;0;11;95;16;0,00;15,37;
17,67;1368;0;11;95;16;0,00;15,37;
17,69;1369;0;10;95;16;0,00;15,37;
17,71;1369;0;11;95;16;0,00;15,37;
17,74;1369;0;11;95;16;0,00;15,37;
17,78;1370;0;12;95;16;0,00;15,37;
17,81;1370;0;12;96;16;0,00;15,37;
17,84;1374;0;12;95;16;0,00;15,37;
17,89;1374;0;12;95;16;0,00;15,37;
17,92;1374;0;10;96;16;0,00;15,37;
17,93;1374;0;12;96;16;0,00;15,37;
17,96;1376;0;11;95;16;0,00;15,37;
18,01;1376;0;11;96;16;0,00;15,37;
18,03;1376;0;11;95;16;0,00;15,37;
18,05;1380;0;12;95;16;0,00;15,37;
18,11;1380;0;10;95;16;0,00;15,37;
18,13;1375;0;11;96;16;0,00;15,37;
18,15;1375;0;11;96;16;0,00;15,37;
18,18;1375;0;10;95;16;0,00;15,37;
18,23;1370;0;10;96;16;0,00;15,37;
18,25;1370;0;10;95;16;0,00;15,37;
18,27;1371;0;13;95;16;0,00;15,37;
18,33;1371;0;10;95;16;0,00;15,37;
18,35;1371;0;10;95;16;0,00;15,37;
18,37;1371;0;11;96;16;0,00;15,37;
18,40;1375;0;10;95;16;0,00;15,37;
18,44;1375;0;11;95;16;0,00;15,37;
18,46;1375;0;10;95;16;0,00;15,37;
18,49;1378;0;11;96;16;0,00;15,37;
18,55;1378;0;11;96;16;0,00;15,37;
18,57;1374;0;11;96;16;0,00;15,37;
18,59;1374;0;11;96;16;0,00;15,37;
18,62;1374;0;11;96;16;0,00;15,37;
18,66;1371;0;10;95;16;0,00;15,37;
18,68;1371;0;10;95;16;0,00;15,37;
18,71;1369;0;12;96;16;0,00;15,37;
18,77;1369;0;10;95;16;0,00;15,37;
18,78;1369;0;10;96;16;0,00;15,37;
18,80;1369;0;11;95;16;0,00;15,37;
18,84;1367;0;10;96;16;0,00;15,37;
18,88;1367;0;10;96;16;0,00;15,37;
18,91;1365;0;10;95;16;0,00;15,37;
18,93;1365;0;12;96;16;0,00;15,37;
18,99;1365;0;11;95;16;0,00;15,37;
19,00;1365;0;10;96;16;0,00;15,37;
19,02;1365;0;12;96;16;0,00;15,37;
19,06;1365;0;12;95;16;0,00;15,37;
19,10;1367;0;12;96;16;0,00;15,37;
19,12;1367;0;10;95;16;0,00;15,37;
19,15;1369;0;11;96;16;0,00;15,37;
19,21;1369;0;11;95;16;0,00;15,37;
19,23;1369;0;10;95;16;0,00;15,37;
19,25;1369;0;11;96;16;0,00;15,37;
19,28;1373;0;11;96;16;0,00;15,37;
19,32;1373;0;12;95;16;0,00;15,37;
19,34;1373;0;10;95;16;0,00;15,37;
19,37;1378;0;12;95;16;0,00;15,37;
19,43;1378;0;11;96;16;0,00;15,37;
19,45;1380;0;12;95;16;0,00;15,37;
19,47;1380;0;11;96;16;0,00;15,37;
19,49;1380;0;10;95;16;0,00;15,37;
19,54;1384;0;10;96;16;0,00;15,37;
19,56;1384;0;10;95;16;0,00;15,37;
19,59;1389;0;10;96;16;0,00;15,37;
19,64;1389;0;11;95;16;0,00;15,37;
19,66;1389;0;11;96;16;0,00;15,37;
19,68;1389;0;11;96;16;0,00;15,37;
19,71;1389;0;11;96;16;0,00;15,37;
19,75;1389;0;12;96;16;0,00;15,37;
19,77;1392;0;11;96;16;0,00;15,37;
19,81;1392;0;10;96;16;0,00;15,37;
19,86;1392;0;11;95;16;0,00;15,37;
19,88;1395;0;11;96;16;0,00;15,37;
19,90;1395;0;10;96;16;0,00;15,37;
19,93;1396;0;10;96;16;0,00;15,37;
19,98;1396;0;9;95;16;0,00;15,37;
20,00;1396;0;11;96;16;0,00;15,37;
20,02;1402;0;10;96;16;0,00;15,37;
20,08;1402;0;10;96;16;0,00;15,37;
20,11;1402;0;10;96;16;0,00;15,37;
20,12;1404;0;10;96;16;0,00;15,37;
20,15;1404;0;11;96;16;0,00;15,37;
20,20;1404;0;12;96;16;0,00;15,37;
20,22;1404;0;12;96;16;0,00;15,37;
20,24;1404;0;10;96;16;0,00;15,37;
20,30;1410;0;9;92;16;0,00;15,37;
20,32;1410;0;10;96;16;0,00;15,37;
20,34;1410;0;12;96;16;0,00;15,37;
20,37;1404;0;11;96;16;0,00;15,37;
20,41;1404;0;11;96;16;0,00;15,37;
20,43;1404;0;10;96;16;0,00;15,37;
20,46;1398;0;9;95;16;0,00;15,37;
20,53;1398;0;10;96;16;0,00;15,37;
20,56;1396;0;11;96;16;0,00;15,37;
20,59;1396;0;11;96;16;0,00;15,37;
20,63;1396;0;11;96;16;0,00;15,37;
20,65;1402;0;9;96;16;0,00;15,37;
20,68;1402;0;11;96;16;0,00;15,37;
20,74;1399;0;10;96;16;0,00;15,37;
20,76;1399;0;11;95;16;0,00;15,37;
20,78;1399;0;10;96;16;0,00;15,37;
20,80;1391;0;9;96;16;0,00;15,37;
20,85;1391;0;10;96;16;0,00;15,37;
20,87;1391;0;10;96;16;0,00;15,37;
20,90;1390;0;10;95;16;0,00;15,37;
20,96;1390;0;12;96;16;0,00;15,37;
20,97;1390;0;12;96;16;0,00;15,37;
20,99;1388;0;10;96;16;0,00;15,37;
21,03;1388;0;12;96;16;0,00;15,37;
21,08;1384;0;12;96;16;0,00;15,37;
21,10;1384;0;11;96;16;0,00;15,37;
21,12;1382;0;10;96;16;0,00;15,37;
21,18;1382;0;12;96;16;0,00;15,37;
21,21;1382;0;10;96;16;0,00;15,37;
21,24;1379;0;10;96;16;0,00;15,37;
21,29;1379;0;10;95;16;0,00;15,37;
21,31;1379;0;11;96;16;0,00;15,37;
21,34;1378;0;10;96;16;0,00;15,37;
21,40;1378;0;10;96;16;0,00;15,37;
21,42;1378;0;11;96;16;0,00;15,37;
21,43;1378;0;9;96;16;0,00;15,37;
21,46;1378;0;12;96;16;0,00;15,37;
21,51;1377;0;10;96;16;0,00;15,37;
21,53;1377;0;11;96;16;0,00;15,37;
21,55;1374;0;10;96;16;0,00;15,37;
21,61;1374;0;10;96;16;0,00;15,37;
21,63;1374;0;11;96;16;0,00;15,37;
21,65;1374;0;10;96;16;0,00;15,37;
21,68;1369;0;11;96;16;0,00;15,37;
21,73;1369;0;12;96;16;0,00;15,37;
21,75;1369;0;12;96;16;0,00;15,37;
21,78;1366;0;10;96;16;0,00;15,37;
21,83;1366;0;10;96;16;0,00;15,37;
21,85;1366;0;11;96;16;0,00;15,37;
21,87;1364;0;10;96;16;0,00;15,37;
21,90;1364;0;10;96;16;0,00;15,37;
21,94;1364;0;10;95;16;0,00;15,37;
21,96;1362;0;10;95;16;0,00;15,37;
21,99;1362;0;10;95;16;0,00;15,37;
22,05;1362;0;9;96;16;0,00;15,37;
22,07;1362;0;11;96;16;0,00;15,37;
22,09;1362;0;10;95;16;0,00;15,37;
22,12;1367;0;10;96;16;0,00;15,37;
22,17;1367;0;10;96;16;0,00;15,37;
22,18;1367;0;10;96;16;0,00;15,37;
22,21;1372;0;10;96;16;0,00;15,37;
22,27;1372;0;12;96;16;0,00;15,37;
22,28;1372;0;12;96;16;0,00;15,37;
22,30;1378;0;9;96;16;0,00;15,37;
22,34;1378;0;13;96;16;0,00;15,37;
22,39;1372;0;11;96;16;0,00;15,37;
22,41;1372;0;11;96;16;0,00;15,37;
22,43;1373;0;11;96;16;0,00;15,37;
22,50;1373;0;11;96;16;0,00;15,37;
22,53;1373;0;10;96;16;0,00;15,37;
22,56;1375;0;10;96;16;0,00;15,37;
22,60;1375;0;10;95;16;0,00;15,37;
22,62;1375;0;12;96;16;0,00;15,37;
22,65;1369;0;12;96;16;0,00;15,37;
22,72;1369;0;11;96;16;0,00;15,37;
22,74;1370;0;10;96;16;0,00;15,37;
22,77;1370;0;11;96;16;0,00;15,37;
22,83;1368;0;10;96;16;0,00;15,37;
22,84;1368;0;10;96;16;0,00;15,37;
22,87;1366;0;10;96;16;0,00;15,37;
22,93;1366;0;12;96;16;0,00;15,37;
22,96;1366;0;10;96;16;0,00;15,37;
22,99;1365;0;13;96;16;0,00;15,37;
23,05;1365;0;10;96;16;0,00;15,37;
23,06;1365;0;10;96;16;0,00;15,37;
23,09;1365;0;10;96;16;0,00;15,37;
23,15;1365;0;11;96;16;0,00;15,37;
23,18;1373;0;10;96;16;0,00;15,37;
23,21;1373;0;10;96;16;0,00;15,37;
23,25;1375;0;10;95;16;0,00;15,37;
23,28;1375;0;10;96;16;0,00;15,37;
23,30;1375;0;10;96;16;0,00;15,37;
23,36;1371;0;10;96;16;0,00;15,37;
23,38;1371;0;11;96;16;0,00;15,37;
23,40;1371;0;10;96;16;0,00;15,37;
23,43;1373;0;11;96;16;0,00;15,37;
23,48;1373;0;10;96;16;0,00;15,37;
23,50;1373;0;10;96;16;0,00;15,37;
23,52;1378;0;10;96;16;0,00;15,37;
23,59;1378;0;10;96;16;0,00;15,37;
23,61;1378;0;10;96;16;0,00;15,37;
23,62;1377;0;10;96;16;0,00;15,37;
23,65;1377;0;11;96;16;0,00;15,37;
23,71;1377;0;10;96;16;0,00;15,37;
23,72;1377;0;11;96;16;0,00;15,37;
23,74;1380;0;11;96;16;0,00;15,37;
23,81;1380;0;11;96;16;0,00;15,37;
23,84;1380;0;10;96;16;0,00;15,37;
23,87;1381;0;12;96;16;0,00;15,37;
23,92;1381;0;12;96;16;0,00;15,37;
23,94;1381;0;12;96;16;0,00;15,37;
23,96;1383;0;12;96;16;0,00;15,37;
24,03;1383;0;11;96;16;0,00;15,37;
24,06;1380;0;10;95;16;0,00;15,37;
24,09;1380;0;12;96;16;0,00;15,37;
24,14;1379;0;10;96;16;0,00;15,37;
24,15;1379;0;11;96;16;0,00;15,37;
24,18;1382;0;10;96;16;0,00;15,37;
24,24;1382;0;10;96;16;0,00;15,37;
24,26;1382;0;10;96;16;0,00;15,37;
24,28;1382;0;10;96;16;0,00;15,37;
24,31;1378;0;11;96;16;0,00;15,37;
24,36;1378;0;12;96;16;0,00;15,37;
24,38;1378;0;11;96;16;0,00;15,37;
24,40;1378;0;12;96;16;0,00;15,37;
24,46;1378;0;11;96;16;0,00;15,37;
24,49;1374;0;10;96;16;0,00;15,37;
24,52;1374;0;10;96;16;0,00;15,37;
24,57;1369;0;10;96;16;0,00;15,37;
24,58;1369;0;11;96;16;0,00;15,37;
24,62;1367;0;13;96;16;0,00;15,37;
24,68;1367;0;11;96;16;0,00;15,37;
24,69;1367;0;10;96;16;0,00;15,37;
24,71;1367;0;10;96;16;0,00;15,37;
24,74;1366;0;12;96;16;0,00;15,37;
24,79;1366;0;10;96;16;0,00;15,37;
24,81;1366;0;12;96;16;0,00;15,37;
24,83;1365;0;12;96;16;0,00;15,37;
24,90;1365;0;11;96;16;0,00;15,37;
24,93;1366;0;10;96;16;0,00;15,37;
24,96;1366;0;11;96;16;0,00;15,37;
25,02;1362;0;11;96;16;0,00;15,37;
25,03;1362;0;12;96;16;0,00;15,37;
25,06;1358;0;10;96;16;0,00;15,37;
25,11;1358;0;10;96;16;0,00;15,37;
25,13;1358;0;12;96;16;0,00;15,37;
25,15;1358;0;10;96;16;0,00;15,37;
25,18;1357;0;12;96;16;0,00;15,37;
25,24;1357;0;12;96;16;0,00;15,37;
25,25;1357;0;13;96;16;0,00;15,37;
25,28;1357;0;11;96;16;0,00;15,37;
25,34;1357;0;11;96;16;0,00;15,37;
25,37;1355;0;10;96;16;0,00;15,37;
25,40;1355;0;10;96;16;0,00;15,37;
25,45;1356;0;10;96;16;0,00;15,37;
25,46;1356;0;10;96;16;0,00;15,37;
25,49;1361;0;10;96;16;0,00;15,37;
25,56;1361;0;13;96;16;0,00;15,37;
25,58;1361;0;10;96;16;0,00;15,37;
25,62;1361;0;10;96;16;0,00;15,37;
25,67;1361;0;10;96;16;0,00;15,37;
25,69;1361;0;11;96;16;0,00;15,37;
25,71;1365;0;10;96;16;0,00;15,37;
25,78;1365;0;12;96;16;0,00;15,37;
25,81;1361;0;10;96;16;0,00;15,37;
25,84;1361;0;12;96;16;0,00;15,37;
25,90;1366;0;10;96;16;0,00;15,37;
25,91;1366;0;10;96;16;0,00;15,37;
25,93;1373;0;10;96;16;0,00;15,37;
25,99;1373;0;11;96;16;0,00;15,37;
26,01;1373;0;12;96;16;0,00;15,37;
26,03;1373;0;11;96;16;0,00;15,37;
26,05;1378;0;10;96;16;0,00;15,37;
26,11;1378;0;11;96;16;0,00;15,37;
26,12;1378;0;10;96;16;0,00;15,37;
26,15;1385;0;12;96;16;0,00;15,37;
26,22;1385;0;12;96;16;0,00;15,37;
26,24;1385;0;10;96;16;0,00;15,37;
26,28;1385;0;11;96;16;0,00;15,37;
26,33;1385;0;11;96;16;0,00;15,37;
26,36;1385;0;11;96;16;0,00;15,37;
26,37;1388;0;10;96;16;0,00;15,37;
26,43;1388;0;11;96;16;0,00;15,37;
26,46;1388;0;10;96;16;0,00;15,37;
26,49;1397;0;11;96;16;0,00;15,37;
26,55;1397;0;12;98;16;0,00;15,37;
26,57;1397;0;12;96;16;0,00;15,37;
26,58;1400;0;10;96;16;0,00;15,37;
26,65;1400;0;10;96;16;0,00;15,37;
26,66;1400;0;10;96;16;0,00;15,37;
26,68;1397;0;10;96;16;0,00;15,37;
26,71;1397;0;11;96;16;0,00;15,37;
26,76;1391;0;10;96;16;0,00;15,37;
26,77;1391;0;11;96;16;0,00;15,37;
26,80;1390;0;11;96;16;0,00;15,37;
26,87;1390;0;10;95;16;0,00;15,37;
26,90;1390;0;12;96;16;0,00;15,37;
26,93;1392;0;11;96;16;0,00;15,37;
26,98;1392;0;11;96;16;0,00;15,37;
27,00;1392;0;11;96;16;0,00;15,37;
27,02;1390;0;10;96;16;0,00;15,37;
27,09;1393;0;10;96;16;0,00;15,37;
27,12;1393;0;11;96;16;0,00;15,37;
27,15;1393;0;10;96;16;0,00;15,37;
27,21;1393;0;10;96;16;0,00;15,37;
27,22;1393;0;10;96;16;0,00;15,37;
27,24;1388;0;10;96;16;0,00;15,37;
27,31;1388;0;10;96;16;0,00;15,37;
27,33;1388;0;10;96;16;0,00;15,37;
27,37;1386;0;10;96;16;0,00;15,37;
27,42;1386;0;10;96;16;0,00;15,37;
27,44;1385;0;10;96;16;0,00;15,37;
27,46;1385;0;10;96;16;0,00;15,37;
27,53;1388;0;13;96;16;0,00;15,37;
27,56;1388;0;11;96;16;0,00;15,37;
27,58;1387;0;11;96;16;0,00;15,37;
27,63;1387;0;10;96;16;0,00;15,37;
27,65;1387;0;10;96;16;0,00;15,37;
27,68;1384;0;9;96;16;0,00;15,37;
27,74;1384;0;10;96;16;0,00;15,37;
27,76;1384;0;10;96;16;0,00;15,37;
27,78;1379;0;10;96;16;0,00;15,37;
27,81;1379;0;12;96;16;0,00;15,37;
27,86;1379;0;10;96;16;0,00;15,37;
27,88;1379;0;10;96;16;0,00;15,37;
27,90;1379;0;10;96;16;0,00;15,37;
27,96;1376;0;11;96;16;0,00;15,37;
27,99;1376;0;10;96;16;0,00;15,37;
28,02;1378;0;10;96;16;0,00;15,37;
28,07;1378;0;10;96;16;0,00;15,37;
28,09;1378;0;10;96;16;0,00;15,37;
28,12;1378;0;11;96;16;0,00;15,37;
28,18;1378;0;11;96;16;0,00;15,37;
28,21;1379;0;10;96;16;0,00;15,37;
28,24;1379;0;12;96;16;0,00;15,37;
28,30;1379;0;11;96;16;0,00;15,37;
28,32;1383;0;12;96;16;0,00;15,37;
28,34;1383;0;11;95;16;0,00;15,37;
28,41;1387;0;11;96;16;0,00;15,37;
28,43;1387;0;10;96;16;0,00;15,37;
28,46;1390;0;9;96;16;0,00;15,37;
28,52;1390;0;10;96;16;0,00;15,37;
28,55;1390;0;10;96;16;0,00;15,37;
28,56;1392;0;11;96;16;0,00;15,37;
28,62;1392;0;10;96;16;0,00;15,37;
28,65;1393;0;12;96;16;0,00;15,37;
28,68;1393;0;10;96;16;0,00;15,37;
28,74;1393;0;10;96;16;0,00;15,37;
28,76;1390;0;11;96;16;0,00;15,37;
28,77;1390;0;11;96;16;0,00;15,37;
28,84;1385;0;9;96;16;0,00;15,37;
28,87;1385;0;11;96;16;0,00;15,37;
28,90;1386;0;10;96;16;0,00;15,37;
28,95;1386;0;12;96;16;0,00;15,37;
28,96;1386;0;11;96;16;0,00;15,37;
28,99;1388;0;11;96;16;0,00;15,37;
29,06;1388;0;10;96;16;0,00;15,37;
29,08;1383;0;11;96;16;0,00;15,37;
29,12;1383;0;10;96;16;0,00;15,37;
29,17;1383;0;11;96;16;0,00;15,37;
29,19;1382;0;11;96;16;0,00;15,37;
29,21;1376;0;10;96;16;0,00;15,37;
29,28;1376;0;10;96;16;0,00;15,37;
29,30;1376;0;11;96;16;0,00;15,37;
29,34;1379;0;11;96;16;0,00;15,37;
29,38;1379;0;10;96;16;0,00;15,37;
29,41;1379;0;10;96;16;0,00;15,37;
29,43;1379;0;10;96;16;0,00;15,37;
29,50;1379;0;10;96;16;0,00;15,37;
29,52;1380;0;10;96;16;0,00;15,37;
29,56;1380;0;10;96;16;0,00;15,37;
29,61;1380;0;11;96;16;0,00;15,37;
29,62;1378;0;10;96;16;0,00;15,37;
29,65;1375;0;10;96;16;0,00;15,37;
29,72;1375;0;12;96;16;0,00;15,37;
29,75;1375;0;11;96;16;0,00;15,37;
29,77;1379;0;12;96;16;0,00;15,37;
29,83;1379;0;10;96;16;0,00;15,37;
29,84;1379;0;10;96;16;0,00;15,37;
29,87;1381;0;10;96;16;0,00;15,37;
29,93;1381;0;10;96;16;0,00;15,37;
29,96;1384;0;11;96;16;0,00;15,37;
29,99;1384;0;10;100;16;0,00;15,37;
30,04;1387;0;10;96;16;0,00;15,37;
30,07;1387;0;9;95;16;0,00;15,37;
30,08;1388;0;10;96;16;0,00;15,37;
30,15;1388;0;12;96;16;0,00;15,37;
30,18;1388;0;10;96;16;0,00;15,37;
30,21;1390;0;10;96;16;0,00;15,37;
30,26;1390;0;10;96;16;0,00;15,37;
30,27;1390;0;10;96;16;0,00;15,37;
30,30;1391;0;12;96;16;0,00;15,37;
30,37;1391;0;11;96;16;0,00;15,37;
30,40;1392;0;10;96;16;0,00;15,37;
30,43;1392;0;11;96;16;0,00;15,37;
30,49;1393;0;10;96;16;0,00;15,37;
30,51;1393;0;11;96;16;0,00;15,37;
30,53;1390;0;11;96;16;0,00;15,37;
30,60;1390;0;11;96;16;0,00;15,37;
30,62;1390;0;10;96;16;0,00;15,37;
30,65;1383;0;11;96;16;0,00;15,37;
30,70;1383;0;12;96;16;0,00;15,37;
30,72;1383;0;12;96;16;0,00;15,37;
30,74;1383;0;11;96;16;0,00;15,37;
30,81;1383;0;10;96;16;0,00;15,37;
30,84;1386;0;10;95;16;0,00;15,37;
30,87;1386;0;11;96;16;0,00;15,37;
30,92;1388;0;10;96;16;0,00;15,37;
30,95;1388;0;11;96;16;0,00;15,37;
30,96;1387;0;9;96;16;0,00;15,37;
31,03;1387;0;10;96;16;0,00;15,37;
31,06;1387;0;12;96;16;0,00;15,37;
31,09;1387;0;10;96;16;0,00;15,37;
31,14;1387;0;10;98;16;0,00;15,37;
31,17;1389;0;9;98;16;0,00;15,37;
31,18;1389;0;10;96;16;0,00;15,37;
31,25;1390;0;10;96;16;0,00;15,37;
31,28;1390;0;12;96;16;0,00;15,37;
31,30;1388;0;10;96;16;0,00;15,37;
31,36;1388;0;10;96;16;0,00;15,37;
31,38;1388;0;10;96;16;0,00;15,37;
31,40;1389;0;9;96;16;0,00;15,37;
31,46;1389;0;10;96;16;0,00;15,37;
31,49;1389;0;11;96;16;0,00;15,37;
31,53;1386;0;10;96;16;0,00;15,37;
31,58;1386;0;10;96;16;0,00;15,37;
31,60;1384;0;10;96;16;0,00;15,37;
31,62;1384;0;10;96;16;0,00;15,37;
31,69;1385;0;10;96;16;0,00;15,37;
31,71;1385;0;11;96;16;0,00;15,37;
31,74;1382;0;12;96;16;0,00;15,37;
31,80;1382;0;11;96;16;0,00;15,37;
31,82;1382;0;10;96;16;0,00;15,37;
31,84;1382;0;10;96;16;0,00;15,37;
31,90;1382;0;12;96;16;0,00;15,37;
31,93;1382;0;11;96;16;0,00;15,37;
31,96;1377;0;10;96;16;0,00;15,37;
32,03;1377;0;10;96;16;0,00;15,37;
32,05;1377;0;10;96;16;0,00;15,37;
32,12;1370;0;12;96;16;0,00;15,37;
32,15;1370;0;10;96;16;0,00;15,37;
32,18;1373;0;11;96;16;0,00;15,37;
32,23;1373;0;11;96;16;0,00;15,37;
32,26;1373;0;10;96;16;0,00;15,37;
32,28;1368;0;10;96;16;0,00;15,37;
32,34;1368;0;13;96;16;0,00;15,37;
32,37;1368;0;11;96;16;0,00;15,37;
32,40;1366;0;10;96;16;0,00;15,37;
32,45;1366;0;10;96;16;0,00;15,37;
32,46;1366;0;11;96;16;0,00;15,37;
32,49;1366;0;10;96;16;0,00;15,37;
32,56;1368;0;11;96;16;0,00;15,37;
32,58;1368;0;11;96;16;0,00;15,37;
32,62;1369;0;12;96;16;0,00;15,37;
32,68;1369;0;10;96;16;0,00;15,37;
32,69;1369;0;10;96;16;0,00;15,37;
32,71;1373;0;12;96;16;0,00;15,37;
32,78;1373;0;10;96;16;0,00;15,37;
32,80;1373;0;11;96;16;0,00;15,37;
32,83;1373;0;10;96;16;0,00;15,37;
32,89;1373;0;10;96;16;0,00;15,37;
32,91;1375;0;10;98;16;0,00;15,37;
32,93;1375;0;10;96;16;0,00;15,37;
33,00;1372;0;12;96;16;0,00;15,37;
33,03;1372;0;10;96;16;0,00;15,37;
33,06;1372;0;12;96;16;0,00;15,37;
33,11;1372;0;12;96;16;0,00;15,37;
33,14;1372;0;10;96;16;0,00;15,37;
33,15;1364;0;11;96;16;0,00;15,37;
33,22;1364;0;12;96;16;0,00;15,37;
33,24;1364;0;11;96;16;0,00;15,37;
33,27;1362;0;11;96;16;0,00;15,37;
33,34;1362;0;11;96;16;0,00;15,37;
33,36;1364;0;13;98;16;0,00;15,37;
33,38;1364;0;10;96;16;0,00;15,37;
33,44;1364;0;10;98;16;0,00;15,37;
33,46;1364;0;12;96;16;0,00;15,37;
33,49;1370;0;10;96;16;0,00;15,37;
33,55;1370;0;10;96;16;0,00;15,37;
33,57;1370;0;10;96;16;0,00;15,37;
33,58;1372;0;11;96;16;0,00;15,37;
33,65;1372;0;11;96;16;0,00;15,37;
33,68;1372;0;11;98;16;0,00;15,37;
33,71;1373;0;10;96;16;0,00;15,37;
33,76;1373;0;11;98;16;0,00;15,37;
33,78;1370;0;10;96;16;0,00;15,37;
33,81;1370;0;10;98;16;0,00;15,37;
33,87;1371;0;10;96;16;0,00;15,37;
33,90;1371;0;11;96;16;0,00;15,37;
33,93;1374;0;12;96;16;0,00;15,37;
33,99;1374;0;10;96;16;0,00;15,37;
34,00;1374;0;10;98;16;0,00;15,37;
34,02;1379;0;11;96;16;0,00;15,37;
34,10;1379;0;11;96;16;0,00;15,37;
34,13;1385;0;9;96;16;0,00;15,37;
34,15;1385;0;10;98;16;0,00;15,37;
34,22;1389;0;10;98;16;0,00;15,37;
34,24;1389;0;11;96;16;0,00;15,37;
34,32;1387;0;13;96;16;0,00;15,37;
34,33;1387;0;10;96;16;0,00;15,37;
34,37;1390;0;10;98;16;0,00;15,37;
34,43;1390;0;11;96;16;0,00;15,37;
34,45;1390;0;12;96;16;0,00;15,37;
34,46;1390;0;11;96;16;0,00;15,37;
34,53;1390;0;11;98;16;0,00;15,37;
34,56;1386;0;9;98;16;0,00;15,37;
34,58;1386;0;10;96;16;0,00;15,37;
34,64;1393;0;10;96;16;0,00;15,37;
34,67;1393;0;10;98;16;0,00;15,37;
34,69;1393;0;11;98;16;0,00;15,37;
34,75;1397;0;11;96;16;0,00;15,37;
34,77;1397;0;10;98;16;0,00;15,37;
34,80;1397;0;10;96;16;0,00;15,37;
34,87;1397;0;10;96;16;0,00;15,37;
34,90;1401;0;10;96;16;0,00;15,37;
34,97;1401;0;9;98;16;0,00;15,37;
34,99;1397;0;12;98;16;0,00;15,37;
35,02;1397;0;9;98;16;0,00;15,37;
35,08;1398;0;11;96;16;0,00;15,37;
35,10;1398;0;9;98;16;0,00;15,37;
35,12;1397;0;10;96;16;0,00;15,37;
35,19;1397;0;10;98;16;0,00;15,37;
35,21;1397;0;11;98;16;0,00;15,37;
35,24;1397;0;12;98;16;0,00;15,37;
35,30;1397;0;11;96;16;0,00;15,37;
35,33;1397;0;10;96;16;0,00;15,37;
35,34;1398;0;11;96;16;0,00;15,37;
35,41;1398;0;11;98;16;0,00;15,37;
35,44;1396;0;11;98;16;0,00;15,37;
35,46;1396;0;10;96;16;0,00;15,37;
35,53;1393;0;10;96;16;0,00;15,37;
35,56;1392;0;11;98;16;0,00;15,37;
35,62;1392;0;11;96;16;0,00;15,37;
35,65;1392;0;10;98;16;0,00;15,37;
35,68;1386;0;11;98;16;0,00;15,37;
35,73;1386;0;12;98;16;0,00;15,37;
35,76;1386;0;10;98;16;0,00;15,37;
35,77;1387;0;11;98;16;0,00;15,37;
35,85;1387;0;10;98;16;0,00;15,37;
35,87;1384;0;9;98;16;0,00;15,37;
35,90;1384;0;11;98;16;0,00;15,37;
35,96;1378;0;10;98;16;0,00;15,37;
35,98;1378;0;11;98;16;0,00;15,37;
36,00;1377;0;10;96;16;0,00;15,37;
36,06;1377;0;11;98;16;0,00;15,37;
36,09;1377;0;10;98;16;0,00;15,37;
36,12;1380;0;10;98;16;0,00;15,37;
36,18;1380;0;12;98;16;0,00;15,37;
36,21;1379;0;11;98;16;0,00;15,37;
36,28;1379;0;11;98;16;0,00;15,37;
36,31;1380;0;12;96;16;0,00;15,37;
36,34;1379;0;11;98;16;0,00;15,37;
36,40;1379;0;11;98;16;0,00;15,37;
36,43;1377;0;11;98;16;0,00;15,37;
36,50;1377;0;11;98;16;0,00;15,37;
36,52;1377;0;10;98;16;0,00;15,37;
36,55;1370;0;10;98;16;0,00;15,37;
36,61;1370;0;10;98;16;0,00;15,37;
36,64;1370;0;11;96;16;0,00;15,37;
36,65;1366;0;11;98;16;0,00;15,37;
36,72;1366;0;11;98;16;0,00;15,37;
36,74;1366;0;10;98;16;0,00;15,37;
36,78;1368;0;10;98;16;0,00;15,37;
36,84;1368;0;13;98;16;0,00;15,37;
36,87;1372;0;11;98;16;0,00;15,37;
36,94;1372;0;11;98;16;0,00;15,37;
36,96;1372;0;10;96;16;0,00;15,37;
36,99;1373;0;11;98;16;0,00;15,37;
37,05;1373;0;11;98;16;0,00;15,37;
37,07;1373;0;12;98;16;0,00;15,37;
37,09;1370;0;11;98;16;0,00;15,37;
37,16;1370;0;11;96;16;0,00;15,37;
37,18;1376;0;10;98;16;0,00;15,37;
37,21;1376;0;11;96;16;0,00;15,37;
37,27;1377;0;10;98;16;0,00;15,37;
37,29;1377;0;11;98;16;0,00;15,37;
37,31;1382;0;11;98;16;0,00;15,37;
37,37;1382;0;11;98;16;0,00;15,37;
37,40;1382;0;10;98;16;0,00;15,37;
37,43;1387;0;11;98;16;0,00;15,37;
37,49;1387;0;11;98;16;0,00;15,37;
37,53;1389;0;10;98;16;0,00;15,37;
37,60;1389;0;10;96;16;0,00;15,37;
37,62;1391;0;12;98;16;0,00;15,37;
37,65;1392;0;11;98;16;0,00;15,37;
37,72;1392;0;11;98;16;0,00;15,37;
37,74;1390;0;12;98;16;0,00;15,37;
37,82;1390;0;10;98;16;0,00;15,37;
37,84;1390;0;11;98;16;0,00;15,37;
37,87;1383;0;11;98;16;0,00;15,37;
37,93;1383;0;11;98;16;0,00;15,37;
37,96;1382;0;11;98;16;0,00;15,37;
38,04;1372;0;12;98;16;0,00;15,37;
38,06;1372;0;11;98;16;0,00;15,37;
38,08;1367;0;12;98;16;0,00;15,37;
38,15;1367;0;10;96;16;0,00;15,37;
38,18;1371;0;10;98;16;0,00;15,37;
38,25;1371;0;10;98;16;0,00;15,37;
38,28;1371;0;11;98;16;0,00;15,37;
38,30;1372;0;10;98;16;0,00;15,37;
38,36;1372;0;10;98;16;0,00;15,37;
38,38;1372;0;10;98;16;0,00;15,37;
38,40;1372;0;10;98;16;0,00;15,37;
38,47;1376;0;10;98;16;0,00;15,37;
38,49;1376;0;11;98;16;0,00;15,37;
38,52;1377;0;11;98;16;0,00;15,37;
38,59;1377;0;10;96;16;0,00;15,37;
38,62;1373;0;11;98;16;0,00;15,37;
38,70;1373;0;12;98;16;0,00;15,37;
38,71;1373;0;11;98;16;0,00;15,37;
38,74;1376;0;11;98;16;0,00;15,37;
38,81;1376;0;10;98;16;0,00;15,37;
38,83;1374;0;11;98;16;0,00;15,37;
38,92;1372;0;11;98;16;0,00;15,37;
38,94;1372;0;11;98;16;0,00;15,37;
38,96;1371;0;12;98;16;0,00;15,37;
39,02;1371;0;9;98;16;0,00;15,37;
39,03;1371;0;10;98;16;0,00;15,37;
39,05;1369;0;10;98;16;0,00;15,37;
39,13;1369;0;10;98;16;0,00;15,37;
39,15;1369;0;11;98;16;0,00;15,37;
39,18;1375;0;10;98;16;0,00;15,37;
39,24;1375;0;10;98;16;0,00;15,37;
39,26;1380;0;10;98;16;0,00;15,37;
39,27;1380;0;12;98;16;0,00;15,37;
39,35;1385;0;12;98;16;0,00;15,37;
39,37;1385;0;11;98;16;0,00;15,37;
39,40;1389;0;12;98;16;0,00;15,37;
39,46;1389;0;11;98;16;0,00;15,37;
39,48;1389;0;11;98;16;0,00;15,37;
39,50;1394;0;11;98;16;0,00;15,37;
39,57;1394;0;10;98;16;0,00;15,37;
39,59;1394;0;10;96;16;0,00;15,37;
39,62;1392;0;10;98;16;0,00;15,37;
39,68;1392;0;10;98;16;0,00;15,37;
39,71;1392;0;11;98;16;0,00;15,37;
39,79;1389;0;11;98;16;0,00;15,37;
39,80;1389;0;10;98;16;0,00;15,37;
39,83;1383;0;9;98;16;0,00;15,37;
39,90;1383;0;11;96;16;0,00;15,37;
39,93;1385;0;11;98;16;0,00;15,37;
40,00;1385;0;11;98;16;0,00;15,37;
40,02;1384;0;10;98;16;0,00;15,37;
40,05;1384;0;10;98;16;0,00;15,37;
40,12;1385;0;12;98;16;0,00;15,37;
40,15;1382;0;10;98;16;0,00;15,37;
40,23;1382;0;10;98;16;0,00;15,37;
40,25;1382;0;10;98;16;0,00;15,37;
40,27;1377;0;10;98;16;0,00;15,37;
40,34;1377;0;12;98;16;0,00;15,37;
40,37;1378;0;10;98;16;0,00;15,37;
40,44;1378;0;11;98;16;0,00;15,37;
40,46;1381;0;10;98;16;0,00;15,37;
40,49;1381;0;10;98;16;0,00;15,37;
40,55;1381;0;10;98;16;0,00;15,37;
40,57;1381;0;11;98;16;0,00;15,37;
40,58;1384;0;9;98;16;0,00;15,37;
40,66;1384;0;10;96;16;0,00;15,37;
40,68;1384;0;10;98;16;0,00;15,37;
40,71;1385;0;11;98;16;0,00;15,37;
40,77;1385;0;10;98;16;0,00;15,37;
40,79;1385;0;10;98;16;0,00;15,37;
40,81;1384;0;10;98;16;0,00;15,37;
40,88;1384;0;10;98;16;0,00;15,37;
40,90;1389;0;11;98;16;0,00;15,37;
40,93;1389;0;12;98;16;0,00;15,37;
41,00;1385;0;11;98;16;0,00;15,37;
41,02;1380;0;10;98;16;0,00;15,37;
41,10;1380;0;10;98;16;0,00;15,37;
41,12;1380;0;11;98;16;0,00;15,37;
41,15;1378;0;11;98;16;0,00;15,37;
41,21;1378;0;10;98;16;0,00;15,37;
41,24;1380;0;11;98;16;0,00;15,37;
41,32;1380;0;10;98;16;0,00;15,37;
41,34;1384;0;11;98;16;0,00;15,37;
41,37;1384;0;11;98;16;0,00;15,37;
41,43;1390;0;10;98;16;0,00;15,37;
41,46;1391;0;12;98;16;0,00;15,37;
41,54;1391;0;11;98;16;0,00;15,37;
41,56;1391;0;11;98;16;0,00;15,37;
41,59;1386;0;10;98;16;0,00;15,37;
41,65;1386;0;10;98;16;0,00;15,37;
41,68;1383;0;11;98;16;0,00;15,37;
41,75;1383;0;12;98;16;0,00;15,37;
41,77;1379;0;10;98;16;0,00;15,37;
41,81;1377;0;10;98;16;0,00;15,37;
41,87;1377;0;10;98;16;0,00;15,37;
41,90;1376;0;11;98;16;0,00;15,37;
41,97;1376;0;12;98;16;0,00;15,37;
41,99;1376;0;10;98;16;0,00;15,37;
42,03;1377;0;11;98;16;0,00;15,37;
42,08;1377;0;11;98;16;0,00;15,37;
42,10;1377;0;10;98;16;0,00;15,37;
42,12;1374;0;10;98;16;0,00;15,37;
42,20;1374;0;11;98;16;0,00;15,37;
42,21;1376;0;10;98;16;0,00;15,37;
42,24;1376;0;10;98;16;0,00;15,37;
42,31;1376;0;11;98;16;0,00;15,37;
42,34;1376;0;10;98;16;0,00;15,37;
42,42;1376;0;10;98;16;0,00;15,37;
42,44;1376;0;10;98;16;0,00;15,37;
42,46;1380;0;10;98;16;0,00;15,37;
42,52;1380;0;10;98;16;0,00;15,37;
42,55;1377;0;11;98;16;0,00;15,37;
42,63;1377;0;12;98;16;0,00;15,37;
42,65;1378;0;10;98;16;0,00;15,37;
42,68;1381;0;9;98;16;0,00;15,37;
42,74;1381;0;10;98;16;0,00;15,37;
42,77;1384;0;10;98;16;0,00;15,37;
42,85;1384;0;10;98;16;0,00;15,37;
42,87;1384;0;10;98;16;0,00;15,37;
42,90;1383;0;10;98;16;0,00;15,37;
42,96;1383;0;12;98;16;0,00;15,37;
42,99;1383;0;10;98;16;0,00;15,37;
43,07;1383;0;11;98;16;0,00;15,37;
43,08;1380;0;10;98;16;0,00;15,37;
43,12;1381;0;10;98;16;0,00;15,37;
43,18;1381;0;12;98;16;0,00;15,37;
43,21;1386;0;10;98;16;0,00;15,37;
43,29;1386;0;10;98;16;0,00;15,37;
43,30;1386;0;10;98;16;0,00;15,37;
43,33;1387;0;10;98;16;0,00;15,37;
43,39;1387;0;10;98;16;0,00;15,37;
43,41;1387;0;11;98;16;0,00;15,37;
43,43;1381;0;12;98;16;0,00;15,37;
43,51;1379;0;10;98;16;0,00;15,37;
43,53;1379;0;10;98;16;0,00;15,37;
43,55;1375;0;12;98;16;0,00;15,37;
43,62;1375;0;11;98;16;0,00;15,37;
43,65;1373;0;11;98;16;0,00;15,37;
43,73;1373;0;11;98;16;0,00;15,37;
43,75;1373;0;12;98;16;0,00;15,37;
43,77;1373;0;12;98;16;0,00;15,37;
43,84;1373;0;11;98;16;0,00;15,37;
43,87;1372;0;10;98;16;0,00;15,37;
43,94;1372;0;10;98;16;0,00;15,37;
43,96;1373;0;12;98;16;0,00;15,37;
43,99;1370;0;11;98;16;0,00;15,37;
44,05;1370;0;10;98;16;0,00;15,37;
44,07;1370;0;11;98;16;0,00;15,37;
44,08;1368;0;12;98;16;0,00;15,37;
44,17;1368;0;10;98;16;0,00;15,37;
44,18;1368;0;11;98;16;0,00;15,37;
44,21;1365;0;13;98;16;0,00;15,37;
44,28;1365;0;11;98;16;0,00;15,37;
44,30;1360;0;10;98;16;0,00;15,37;
44,38;1357;0;10;98;16;0,00;15,37;
44,40;1357;0;10;98;16;0,00;15,37;
44,43;1359;0;12;98;16;0,00;15,37;
44,50;1359;0;12;98;16;0,00;15,37;
44,52;1359;0;11;98;16;0,00;15,37;
44,60;1359;0;11;98;16;0,00;15,37;
44,62;1359;0;12;98;16;0,00;15,37;
44,65;1359;0;11;98;16;0,00;15,37;
44,73;1359;0;12;98;16;0,00;15,37;
44,74;1361;0;11;98;16;0,00;15,37;
44,83;1361;0;11;98;16;0,00;15,37;
44,84;1360;0;11;98;16;0,00;15,37;
44,87;1359;0;10;98;16;0,00;15,37;
44,94;1359;0;10;98;16;0,00;15,37;
44,96;1360;0;10;98;16;0,00;15,37;
45,04;1360;0;10;98;16;0,00;15,37;
45,06;1360;0;10;98;16;0,00;15,37;
45,08;1362;0;10;98;16;0,00;15,37;
45,15;1362;0;10;98;16;0,00;15,37;
45,18;1361;0;11;98;16;0,00;15,37;
45,25;1361;0;12;98;16;0,00;15,37;
45,27;1365;0;10;98;16;0,00;15,37;
45,30;1365;0;11;98;16;0,00;15,37;
45,36;1365;0;13;98;16;0,00;15,37;
45,38;1365;0;10;98;16;0,00;15,37;
45,40;1356;0;11;98;16;0,00;15,37;
45,47;1356;0;12;98;16;0,00;15,37;
45,49;1356;0;10;98;16;0,00;15,37;
45,52;1356;0;10;98;16;0,00;15,37;
45,59;1356;0;11;98;16;0,00;15,37;
45,62;1352;0;11;98;16;0,00;15,37;
45,70;1352;0;12;98;16;0,00;15,37;
45,72;1349;0;11;98;16;0,00;15,37;
45,74;1349;0;10;98;16;0,00;15,37;
45,81;1350;0;10;98;16;0,00;15,37;
45,83;1347;0;13;98;16;0,00;15,37;
45,91;1347;0;10;98;16;0,00;15,37;
45,93;1347;0;12;98;16;0,00;15,37;
45,96;1351;0;12;98;16;0,00;15,37;
46,03;1351;0;10;98;16;0,00;15,37;
46,06;1354;0;12;98;16;0,00;15,37;
46,14;1354;0;10;98;16;0,00;15,37;
46,15;1359;0;12;98;16;0,00;15,37;
46,18;1359;0;13;98;16;0,00;15,37;
46,24;1359;0;11;98;16;0,00;15,37;
46,27;1361;0;11;98;16;0,00;15,37;
46,35;1361;0;10;98;16;0,00;15,37;
46,37;1361;0;11;98;16;0,00;15,37;
46,40;1361;0;12;98;16;0,00;15,37;
46,46;1361;0;12;98;16;0,00;15,37;
46,49;1367;0;10;98;16;0,00;15,37;
46,57;1367;0;12;98;16;0,00;15,37;
46,59;1372;0;11;96;16;0,00;15,37;
46,62;1372;0;10;98;16;0,00;15,37;
46,68;1372;0;11;98;16;0,00;15,37;
46,69;1375;0;11;96;16;0,00;15,37;
46,71;1378;0;10;98;16;0,00;15,37;
46,79;1378;0;9;98;16;0,00;15,37;
46,80;1378;0;12;98;16;0,00;15,37;
46,84;1376;0;10;98;16;0,00;15,37;
46,89;1376;0;10;98;16;0,00;15,37;
46,92;1376;0;11;98;16;0,00;15,37;
46,93;1372;0;11;98;16;0,00;15,37;
47,01;1372;0;10;98;16;0,00;15,37;
47,03;1376;0;13;98;16;0,00;15,37;
47,05;1376;0;12;98;16;0,00;15,37;
47,12;1379;0;11;98;16;0,00;15,37;
47,15;1377;0;12;98;16;0,00;15,37;
47,23;1377;0;12;98;16;0,00;15,37;
47,25;1377;0;13;98;16;0,00;15,37;
47,27;1379;0;11;98;16;0,00;15,37;
47,34;1379;0;11;98;16;0,00;15,37;
47,36;1376;0;12;98;16;0,00;15,37;
47,44;1376;0;10;98;16;0,00;15,37;
47,46;1378;0;12;98;16;0,00;15,37;
47,49;1378;0;10;98;16;0,00;15,37;
47,55;1372;0;10;98;16;0,00;15,37;
47,57;1372;0;10;98;16;0,00;15,37;
47,59;1376;0;10;98;16;0,00;15,37;
47,66;1376;0;10;98;16;0,00;15,37;
47,68;1376;0;12;98;16;0,00;15,37;
47,71;1375;0;11;98;16;0,00;15,37;
47,78;1375;0;10;98;16;0,00;15,37;
47,80;1379;0;11;98;16;0,00;15,37;
47,88;1379;0;10;98;16;0,00;15,37;
47,90;1374;0;11;98;16;0,00;15,37;
47,93;1374;0;10;98;16;0,00;15,37;
48,00;1373;0;10;98;16;0,00;15,37;
48,02;1369;0;11;98;16;0,00;15,37;
48,10;1369;0;10;98;16;0,00;15,37;
48,13;1369;0;11;98;16;0,00;15,37;
48,15;1375;0;11;98;16;0,00;15,37;
48,21;1375;0;10;98;16;0,00;15,37;
48,24;1382;0;11;98;16;0,00;15,37;
48,32;1382;0;12;98;16;0,00;15,37;
48,34;1385;0;11;98;16;0,00;15,37;
48,37;1385;0;11;98;16;0,00;15,37;
48,43;1385;0;9;98;16;0,00;15,37;
48,46;1381;0;11;98;16;0,00;15,37;
48,54;1381;0;11;98;16;0,00;15,37;
48,56;1381;0;11;98;16;0,00;15,37;
48,58;1381;0;12;98;16;0,00;15,37;
48,64;1381;0;10;98;16;0,00;15,37;
48,66;1381;0;10;98;16;0,00;15,37;
48,68;1378;0;12;98;16;0,00;15,37;
48,75;1378;0;11;98;16;0,00;15,37;
48,78;1383;0;10;98;16;0,00;15,37;
48,80;1383;0;10;98;16;0,00;15,37;
48,87;1383;0;10;98;16;0,00;15,37;
48,90;1389;0;10;98;16;0,00;15,37;
48,97;1389;0;11;100;16;0,00;15,37;
48,99;1389;0;10;98;16;0,00;15,37;
49,02;1386;0;10;98;16;0,00;15,37;
49,09;1386;0;11;98;16;0,00;15,37;
49,10;1386;0;12;98;16;0,00;15,37;
49,12;1386;0;10;98;16;0,00;15,37;
49,20;1384;0;10;100;16;0,00;15,37;
49,22;1384;0;10;98;16;0,00;15,37;
49,24;1384;0;13;98;16;0,00;15,37;
49,31;1384;0;11;98;16;0,00;15,37;
49,33;1386;0;10;98;16;0,00;15,37;
49,42;1386;0;10;98;16;0,00;15,37;
49,44;1386;0;10;98;16;0,00;15,37;
49,46;1384;0;10;98;16;0,00;15,37;
49,52;1384;0;10;98;16;0,00;15,37;
49,54;1384;0;12;98;16;0,00;15,37;
49,55;1387;0;10;98;16;0,00;15,37;
49,63;1390;0;10;98;16;0,00;15,37;
49,65;1390;0;10;98;16;0,00;15,37;
49,68;1388;0;12;98;16;0,00;15,37;
49,74;1388;0;11;98;16;0,00;15,37;
49,77;1386;0;11;98;16;0,00;15,37;
49,85;1386;0;10;98;16;0,00;15,37;
49,87;1386;0;12;98;16;0,00;15,37;
49,90;1385;0;12;98;16;0,00;15,37;
49,96;1385;0;11;90;16;0,00;15,37;
49,99;1386;0;11;98;16;0,00;15,37;
50,07;1385;0;9;98;16;0,00;15,37;
50,08;1385;0;11;98;16;0,00;15,37;
50,12;1384;0;11;98;16;0,00;15,37;
50,19;1384;0;10;98;16;0,00;15,37;
50,21;1385;0;11;98;16;0,00;15,37;
50,29;1385;0;10;100;16;0,00;15,37;
50,30;1385;0;11;98;16;0,00;15,37;
50,33;1386;0;10;98;16;0,00;15,37;
50,41;1382;0;10;98;16;0,00;15,37;
50,43;1382;0;11;98;16;0,00;15,37;
50,51;1388;0;13;98;16;0,00;15,37;
50,53;1388;0;11;98;16;0,00;15,37;
50,55;1386;0;9;98;16;0,00;15,37;
50,63;1386;0;10;98;16;0,00;15,37;
50,65;1384;0;10;98;16;0,00;15,37;
50,73;1384;0;10;98;16;0,00;15,37;
50,75;1384;0;11;95;16;0,00;15,37;
50,77;1379;0;10;98;16;0,00;15,37;
50,84;1376;0;10;98;16;0,00;15,37;
50,87;1376;0;11;98;16;0,00;15,37;
50,94;1379;0;13;98;16;0,00;15,37;
50,96;1379;0;10;98;16;0,00;15,37;
50,99;1378;0;10;98;16;0,00;15,37;
51,06;1378;0;10;100;16;0,00;15,37;
51,09;1375;0;10;98;16;0,00;15,37;
51,17;1375;0;12;98;16;0,00;15,37;
51,18;1375;0;11;98;16;0,00;15,37;
51,21;1371;0;10;98;16;0,00;15,37;
51,28;1371;0;10;98;16;0,00;15,37;
51,30;1374;0;10;98;16;0,00;15,37;
51,39;1374;0;11;98;18;0,00;15,37;
51,41;1374;0;10;98;18;0,00;15,37;
51,43;1375;0;12;98;18;0,00;15,37;
51,51;1375;0;10;101;16;0,00;15,37;
51,52;1380;0;10;98;18;0,00;15,37;
51,61;1380;0;10;98;16;0,00;15,37;
51,63;1380;0;10;98;18;0,00;15,37;
51,65;1384;0;12;98;16;0,00;15,37;
51,72;1385;0;11;98;18;0,00;15,37;
51,74;1389;0;11;98;16;0,00;15,37;
51,83;1389;0;12;98;18;0,00;15,37;
51,85;1389;0;10;98;18;0,00;15,37;
51,87;1383;0;12;98;18;0,00;15,37;
51,94;1383;0;10;98;18;0,00;15,37;
51,96;1387;0;12;98;18;0,00;15,37;
52,05;1387;0;10;98;18;0,00;15,37;
52,06;1390;0;10;98;18;0,00;15,37;
52,08;1390;0;10;98;18;0,00;15,37;
52,15;1388;0;11;98;18;0,00;15,37;
52,18;1386;0;11;98;18;0,00;15,37;
52,26;1386;0;12;98;18;0,00;15,37;
52,28;1386;0;10;100;18;0,00;15,37;
52,30;1383;0;10;98;18;0,00;15,37;
52,37;1383;0;12;98;18;0,00;15,37;
52,40;1379;0;11;98;18;0,00;15,37;
52,48;1379;0;10;98;18;0,00;15,37;
52,49;1375;0;13;98;18;0,00;15,37;
52,52;1375;0;12;98;18;0,00;15,37;
52,59;1377;0;11;98;18;0,00;15,37;
52,62;1373;0;11;98;18;0,00;15,37;
52,70;1373;0;10;98;18;0,00;15,37;
52,72;1373;0;11;98;18;0,00;15,37;
52,74;1370;0;10;98;18;0,00;15,37;
52,82;1370;0;11;98;18;0,00;15,37;
52,84;1376;0;12;98;18;0,00;15,37;
52,92;1376;0;12;98;18;0,00;15,37;
52,94;1370;0;11;98;18;0,00;15,37;
52,96;1370;0;11;98;18;0,00;15,37;
53,02;1366;0;11;98;18;0,00;15,37;
53,05;1364;0;10;98;18;0,00;15,37;
53,13;1364;0;10;100;18;0,00;15,37;
53,15;1364;0;11;98;18;0,00;15,37;
53,18;1366;0;11;100;18;0,00;15,37;
53,24;1366;0;10;98;18;0,00;15,37;
53,26;1366;0;11;98;18;0,00;15,37;
53,28;1372;0;10;98;18;0,00;15,37;
53,35;1372;0;10;98;18;0,00;15,37;
53,37;1380;0;13;98;18;0,00;15,37;
53,40;1380;0;12;98;18;0,00;15,37;
53,46;1380;0;11;98;18;0,00;15,37;
53,49;1380;0;11;98;18;0,00;15,37;
53,57;1380;0;10;100;18;0,00;15,37;
53,58;1380;0;11;98;18;0,00;15,37;
53,61;1376;0;10;98;18;0,00;15,37;
53,67;1376;0;10;98;18;0,00;15,37;
53,69;1376;0;11;98;18;0,00;15,37;
53,71;1379;0;11;100;18;0,00;15,37;
53,79;1379;0;10;98;18;0,00;15,37;
53,81;1378;0;12;98;18;0,00;15,37;
53,83;1378;0;12;100;18;0,00;15,37;
53,90;1377;0;10;98;18;0,00;15,37;
53,93;1371;0;11;100;18;0,00;15,37;
54,01;1371;0;10;98;18;0,00;15,37;
54,03;1371;0;11;100;18;0,00;15,37;
54,05;1374;0;10;98;18;0,00;15,37;
54,13;1374;0;10;98;18;0,00;15,37;
54,15;1368;0;13;98;18;0,00;15,37;
54,23;1368;0;11;100;18;0,00;15,37;
54,25;1370;0;12;100;18;0,00;15,37;
54,27;1370;0;11;100;18;0,00;15,37;
54,34;1371;0;11;98;18;0,00;15,37;
54,37;1373;0;10;98;18;0,00;15,37;
54,44;1373;0;10;98;18;0,00;15,37;
54,46;1373;0;12;98;18;0,00;15,37;
54,49;1372;0;10;100;18;0,00;15,37;
54,55;1372;0;10;100;18;0,00;15,37;
54,57;1372;0;10;98;18;0,00;15,37;
54,59;1371;0;10;100;18;0,00;15,37;
54,66;1371;0;11;100;18;0,00;15,37;
54,68;1369;0;12;100;18;0,00;15,37;
54,71;1369;0;11;98;18;0,00;15,37;
54,78;1371;0;11;100;18;0,00;15,37;
54,80;1372;0;10;98;18;0,00;15,37;
54,88;1372;0;10;98;18;0,00;15,37;
54,90;1372;0;12;100;18;0,00;15,37;
54,93;1369;0;10;98;18;0,00;15,37;
54,99;1369;0;10;98;18;0,00;15,37;
55,00;1369;0;11;98;18;0,00;15,37;
55,02;1370;0;12;100;18;0,00;15,37;
55,10;1370;0;10;98;18;0,00;15,37;
55,12;1371;0;11;100;18;0,00;15,37;
55,15;1371;0;13;98;18;0,00;15,37;
55,21;1378;0;11;100;18;0,00;15,37;
55,24;1373;0;10;100;18;0,00;15,37;
55,33;1373;0;10;100;18;0,00;15,37;
55,35;1373;0;11;98;18;0,00;15,37;
55,37;1374;0;11;100;18;0,00;15,37;
55,43;1374;0;11;98;18;0,00;15,37;
55,46;1376;0;13;98;18;0,00;15,37;
55,54;1376;0;12;98;18;0,00;15,37;
55,56;1375;0;11;100;18;0,00;15,37;
55,58;1375;0;11;100;18;0,00;15,37;
55,66;1380;0;10;100;18;0,00;15,37;
55,68;1378;0;11;100;18;0,00;15,37;
55,75;1378;0;10;100;18;0,00;15,37;
55,77;1378;0;11;98;18;0,00;15,37;
55,80;1384;0;11;98;18;0,00;15,37;
55,87;1384;0;10;100;18;0,00;15,37;
55,90;1387;0;10;100;18;0,00;15,37;
55,98;1387;0;12;100;18;0,00;15,37;
55,99;1389;0;11;103;18;0,00;15,37;
56,02;1390;0;10;100;18;0,00;15,37;
56,09;1390;0;10;98;18;0,00;15,37;
56,12;1387;0;10;100;18;0,00;15,37;
56,20;1387;0;11;100;18;0,00;15,37;
56,22;1387;0;10;100;18;0,00;15,37;
56,24;1384;0;12;100;18;0,00;15,37;
56,32;1384;0;10;98;18;0,00;15,37;
56,33;1385;0;10;100;18;0,00;15,37;
56,41;1385;0;11;100;18;0,00;15,37;
56,43;1385;0;10;100;18;0,00;15,37;
56,46;1383;0;10;100;18;0,00;15,37;
56,53;1383;0;10;100;18;0,00;15,37;
56,55;1378;0;11;100;18;0,00;15,37;
56,63;1378;0;11;100;18;0,00;15,37;
56,65;1378;0;10;98;18;0,00;15,37;
56,68;1380;0;10;100;18;0,00;15,37;
56,74;1380;0;11;100;18;0,00;15,06;
56,77;1379;0;10;100;18;0,00;14,67;
56,85;1377;0;10;100;18;0,00;14,67;
56,87;1377;0;9;100;18;0,00;14,59;
56,90;1367;0;10;100;18;0,00;14,51;
56,96;1367;0;10;100;18;0,00;14,51;
56,99;1356;0;10;100;18;0,00;14,51;
57,07;1356;0;12;100;18;0,00;14,43;
57,08;1356;0;10;100;18;0,00;14,43;
57,11;1344;0;11;100;18;0,00;14,43;
57,18;1344;0;10;98;18;0,00;14,43;
57,21;1333;0;13;98;18;0,00;14,43;
57,28;1333;0;12;100;18;0,00;14,43;
57,31;1321;0;11;100;18;0,00;14,43;
57,34;1321;0;12;100;18;0,00;14,43;
57,40;1312;0;12;100;18;0,00;14,43;
57,43;1301;0;13;100;18;0,00;14,43;
57,51;1301;0;11;100;18;0,00;14,43;
57,53;1301;0;11;100;18;0,00;14,51;
57,55;1294;0;11;100;18;0,00;14,59;
57,62;1294;0;11;100;18;0,00;14,59;
57,65;1291;0;11;100;18;0,00;14,75;
57,73;1291;0;12;100;18;0,00;14,75;
57,75;1291;0;12;100;18;0,00;14,82;
57,77;1288;0;13;100;18;0,00;14,90;
57,84;1288;0;12;100;18;0,00;14,98;
57,86;1292;0;11;100;18;0,00;15,06;
57,95;1292;0;12;100;18;0,00;15,06;
57,96;1293;0;11;100;18;0,00;15,06;
57,99;1293;0;11;100;18;0,00;15,14;
58,06;1292;0;11;100;18;0,00;15,14;
58,08;1289;0;14;100;18;0,00;15,14;
58,16;1289;0;12;100;18;0,00;15,14;
58,18;1289;0;13;100;18;0,00;15,14;
58,21;1295;0;13;100;18;0,00;15,14;
58,28;1295;0;12;100;18;0,00;15,22;
58,30;1301;0;12;100;18;0,00;15,22;
58,38;1301;0;13;100;18;0,00;15,22;
58,39;1301;0;11;98;18;0,00;15,22;
58,43;1305;0;12;100;18;0,00;15,22;
58,49;1309;0;11;100;18;0,00;15,22;
58,52;1309;0;12;100;18;0,00;15,22;
58,61;1309;0;11;100;18;0,00;15,22;
58,62;1309;0;12;100;18;0,00;15,22;
58,65;1311;0;12;100;18;0,00;15,22;
58,71;1311;0;12;100;18;0,00;15,29;
58,74;1313;0;11;100;18;0,00;15,29;
58,83;1313;0;11;95;18;0,00;15,29;
58,84;1313;0;11;100;18;0,00;15,29;
58,86;1316;0;11;100;18;0,00;15,29;
58,93;1316;0;11;100;18;0,00;15,29;
58,96;1315;0;12;100;18;0,00;15,29;
59,04;1315;0;12;100;18;0,00;15,29;
59,06;1316;0;12;105;18;0,00;15,29;
59,08;1316;0;12;100;18;0,00;15,29;
59,15;1310;0;12;100;18;0,00;15,29;
59,18;1312;0;11;100;18;0,00;15,29;
59,25;1312;0;10;100;18;0,00;15,29;
59,27;1312;0;11;100;18;0,00;15,29;
59,30;1313;0;11;100;18;0,00;15,29;
59,36;1313;0;13;100;18;0,00;15,29;
59,40;1316;0;12;100;18;0,00;15,29;
59,47;1316;0;13;98;18;0,00;15,29;
59,49;1316;0;12;100;18;0,00;15,29;
59,52;1318;0;10;100;18;0,00;15,29;
59,59;1318;0;11;100;18;0,00;15,29;
59,61;1323;0;12;100;18;0,00;15,29;
59,70;1323;0;13;100;18;0,00;15,29;
59,72;1323;0;13;100;18;0,00;15,29;
59,74;1320;0;12;100;18;0,00;15,29;
59,80;1320;0;12;100;18;0,00;15,29;
59,83;1317;0;11;100;18;0,00;15,29;
59,92;1317;0;11;100;18;0,00;15,29;
59,93;1317;0;11;100;18;0,00;15,29;
59,96;1315;0;11;100;18;0,00;15,29;
60,03;1315;0;11;100;18;0,00;15,29;
60,05;1310;0;13;100;18;0,00;15,29;
60,13;1310;0;14;98;18;0,00;15,29;
60,15;1314;0;12;100;18;0,00;15,29;
60,18;1314;0;12;100;18;0,00;15,29;
60,24;1309;0;12;100;18;0,00;15,29;
60,27;1304;0;11;100;18;0,00;15,29;
60,35;1304;0;11;100;18;0,00;15,29;
60,37;1304;0;11;100;18;0,00;15,29;
60,40;1306;0;11;100;18;0,00;15,29;
60,47;1306;0;11;100;18;0,00;15,29;
60,49;1309;0;12;100;18;0,00;15,29;
60,57;1309;0;11;100;18;0,00;15,29;
60,58;1309;0;12;100;18;0,00;15,29;
60,62;1310;0;14;100;18;0,00;15,29;
60,68;1310;0;11;101;18;0,00;15,29;
60,69;1310;0;11;100;18;0,00;15,29;
60,71;1303;0;12;100;16;0,00;15,29;
60,79;1303;0;11;98;16;0,00;15,29;
60,81;1296;0;11;100;16;0,00;15,29;
60,83;1298;0;11;100;16;0,00;15,29;
60,90;1298;0;11;100;16;0,00;15,29;
60,93;1300;0;11;100;16;0,00;15,29;
61,01;1300;0;13;100;16;0,00;15,29;
61,03;1300;0;13;100;18;0,00;15,29;
61,05;1304;0;13;100;16;0,00;15,29;
61,12;1304;0;11;100;16;0,00;15,29;
61,15;1307;0;11;100;16;0,00;15,29;
61,23;1307;0;14;100;16;0,00;15,29;
61,25;1308;0;11;100;16;0,00;15,29;
61,27;1308;0;12;100;16;0,00;15,29;
61,34;1310;0;12;100;16;0,00;15,29;
61,37;1310;0;12;100;16;0,00;15,29;
61,44;1311;0;13;100;16;0,00;15,29;
61,46;1311;0;12;100;16;0,00;15,29;
61,49;1314;0;12;100;16;0,00;15,29;
61,56;1314;0;11;100;16;0,00;15,29;
61,58;1312;0;11;100;16;0,00;15,29;
61,66;1312;0;12;100;16;0,00;15,29;
61,69;1312;0;12;100;16;0,00;15,29;
61,71;1311;0;14;100;16;0,00;15,29;
61,78;1311;0;13;100;16;0,00;15,29;
61,80;1309;0;12;100;16;0,00;15,29;
61,88;1309;0;13;100;16;0,00;15,29;
61,90;1309;0;10;100;16;0,00;15,29;
61,93;1309;0;11;100;16;0,00;15,29;
61,99;1314;0;11;100;16;0,00;15,29;
62,02;1315;0;12;100;16;0,00;15,29;
62,10;1315;0;11;100;16;0,00;15,29;
62,12;1315;0;13;100;16;0,00;15,29;
62,15;1315;0;13;100;16;0,00;15,29;
62,21;1315;0;13;100;16;0,00;15,29;
62,24;1312;0;13;100;16;0,00;15,29;
62,33;1312;0;11;100;16;0,00;15,29;
62,34;1310;0;11;100;16;0,00;15,29;
62,36;1310;0;11;100;16;0,00;15,29;
62,43;1310;0;11;100;16;0,00;15,29;
62,46;1310;0;12;100;16;0,00;15,29;
62,54;1302;0;12;100;16;0,00;15,29;
62,56;1302;0;12;100;16;0,00;15,29;
62,58;1299;0;12;100;16;0,00;15,29;
62,65;1299;0;11;100;16;0,00;15,29;
62,66;1299;0;12;100;16;0,00;15,29;
62,68;1301;0;11;98;16;0,00;15,29;
62,76;1301;0;11;100;16;0,00;15,29;
62,77;1301;0;11;100;16;0,00;15,29;
62,80;1306;0;11;100;16;0,00;15,29;
62,87;1306;0;13;100;16;0,00;15,29;
62,88;1306;0;12;100;16;0,00;15,29;
62,90;1309;0;13;100;16;0,00;15,29;
62,97;1309;0;13;100;16;0,00;15,29;
63,00;1310;0;11;100;16;0,00;15,29;
63,02;1310;0;12;100;16;0,00;15,29;
63,09;1309;0;12;100;16;0,00;15,29;
63,12;1309;0;12;100;16;0,00;15,29;
63,20;1309;0;11;100;16;0,00;15,29;
63,22;1309;0;11;100;16;0,00;15,29;
63,24;1308;0;11;100;16;0,00;15,29;
63,31;1308;0;11;100;16;0,00;15,29;
63,33;1306;0;11;101;16;0,00;15,29;
63,42;1306;0;14;100;16;0,00;15,29;
63,43;1306;0;12;100;16;0,00;15,29;
63,46;1307;0;13;100;16;0,00;15,29;
63,53;1307;0;11;100;16;0,00;15,29;
63,55;1304;0;11;100;16;0,00;15,29;
63,63;1306;0;11;100;16;0,00;15,29;
63,65;1306;0;11;100;16;0,00;15,29;
63,68;1306;0;11;101;16;0,00;15,29;
63,74;1306;0;11;100;16;0,00;15,29;
63,77;1307;0;11;100;16;0,00;15,29;
63,85;1307;0;12;100;16;0,00;15,29;
63,86;1307;0;12;100;16;0,00;15,29;
63,89;1304;0;12;100;16;0,00;15,29;
63,96;1304;0;11;96;16;0,00;15,29;
63,97;1304;0;11;100;16;0,00;15,29;
63,99;1301;0;11;100;16;0,00;15,29;
64,07;1301;0;11;100;16;0,00;15,29;
64,08;1298;0;11;100;16;0,00;15,29;
64,11;1298;0;11;100;16;0,00;15,29;
64,18;1298;0;11;100;16;0,00;15,29;
64,21;1298;0;11;100;16;0,00;15,29;
64,29;1295;0;13;100;16;0,00;15,29;
64,31;1295;0;13;100;16;0,00;15,29;
64,33;1296;0;13;100;16;0,00;15,29;
64,40;1296;0;12;100;16;0,00;15,29;
64,43;1296;0;11;100;16;0,00;15,29;
64,51;1296;0;11;100;16;0,00;15,29;
64,53;1296;0;12;100;16;0,00;15,29;
64,55;1292;0;11;100;16;0,00;15,29;
64,62;1292;0;12;100;16;0,00;15,29;
64,65;1292;0;12;100;16;0,00;15,29;
64,73;1292;0;11;100;16;0,00;15,29;
64,74;1290;0;13;100;16;0,00;15,29;
64,77;1290;0;12;100;16;0,00;15,29;
64,84;1294;0;12;100;16;0,00;15,29;
64,87;1293;0;11;100;16;0,00;15,29;
64,95;1293;0;12;100;16;0,00;15,29;
64,96;1293;0;11;100;16;0,00;15,29;
64,99;1299;0;11;100;16;0,00;15,29;
65,06;1299;0;11;100;16;0,00;15,29;
65,08;1300;0;13;100;16;0,00;15,29;
65,16;1300;0;13;100;16;0,00;15,29;
65,19;1300;0;13;100;16;0,00;15,29;
65,21;1306;0;12;100;16;0,00;15,29;
65,28;1306;0;13;100;16;0,00;15,29;
65,30;1307;0;11;100;16;0,00;15,29;
65,38;1307;0;11;100;16;0,00;15,29;
65,40;1309;0;12;100;16;0,00;15,29;
65,43;1309;0;11;100;16;0,00;15,29;
65,49;1310;0;11;100;16;0,00;15,29;
65,52;1314;0;12;100;16;0,00;15,29;
65,60;1314;0;11;100;16;0,00;15,29;
65,62;1314;0;12;100;16;0,00;15,29;
65,65;1323;0;13;100;16;0,00;15,29;
65,71;1323;0;11;100;16;0,00;15,29;
65,74;1327;0;13;100;16;0,00;15,29;
65,83;1327;0;11;100;16;0,00;15,29;
65,84;1329;0;12;100;16;0,00;15,29;
65,87;1329;0;13;100;16;0,00;15,29;
65,94;1328;0;13;100;16;0,00;15,29;
65,96;1331;0;11;100;16;0,00;15,29;
66,04;1331;0;11;100;16;0,00;15,29;
66,07;1331;0;11;100;16;0,00;15,29;
66,08;1335;0;10;100;16;0,00;15,29;
66,15;1335;0;11;100;16;0,00;15,29;
66,18;1336;0;12;100;16;0,00;15,29;
66,26;1336;0;13;100;16;0,00;15,29;
66,27;1336;0;12;100;16;0,00;15,29;
66,30;1339;0;11;100;16;0,00;15,29;
66,37;1345;0;10;100;16;0,00;15,29;
66,40;1345;0;12;100;16;0,00;15,29;
66,48;1347;0;13;100;16;0,00;15,29;
66,50;1347;0;12;100;16;0,00;15,29;
66,52;1348;0;11;100;16;0,00;15,29;
66,59;1348;0;10;100;16;0,00;15,29;
66,62;1348;0;13;98;16;0,00;15,29;
66,70;1348;0;12;100;16;0,00;15,29;
66,72;1348;0;13;100;16;0,00;15,29;
66,74;1349;0;12;100;16;0,00;15,29;
66,81;1349;0;12;100;16;0,00;15,29;
66,83;1345;0;10;100;16;0,00;15,29;
66,91;1345;0;10;100;16;0,00;15,29;
66,93;1345;0;11;100;16;0,00;15,29;
66,96;1345;0;11;100;16;0,00;15,29;
67,03;1345;0;13;100;16;0,00;15,29;
67,05;1341;0;10;100;16;0,00;15,29;
67,13;1341;0;11;98;16;0,00;15,29;
67,15;1341;0;10;100;16;0,00;15,29;
67,18;1346;0;10;100;16;0,00;15,29;
67,24;1346;0;10;100;16;0,00;15,29;
67,27;1340;0;13;100;16;0,00;15,29;
67,35;1340;0;12;100;16;0,00;15,29;
67,36;1338;0;11;100;16;0,00;15,29;
67,39;1338;0;11;100;16;0,00;15,29;
67,46;1335;0;10;100;16;0,00;15,29;
67,49;1331;0;12;100;16;0,00;15,29;
67,57;1331;0;11;100;16;0,00;15,29;
67,58;1331;0;12;100;16;0,00;15,29;
67,62;1325;0;13;100;16;0,00;15,29;
67,68;1325;0;12;100;16;0,00;15,29;
67,71;1320;0;11;100;16;0,00;15,29;
67,78;1320;0;11;100;16;0,00;15,29;
67,81;1318;0;12;100;16;0,00;15,29;
67,84;1318;0;11;100;16;0,00;15,29;
67,91;1315;0;12;100;16;0,00;15,29;
67,93;1315;0;11;100;16;0,00;15,29;
68,01;1311;0;11;100;16;0,00;15,29;
68,03;1311;0;12;100;16;0,00;15,29;
68,05;1312;0;12;100;16;0,00;15,29;
68,12;1312;0;12;100;16;0,00;15,29;
68,14;1304;0;13;100;16;0,00;15,29;
68,23;1304;0;11;100;16;0,00;15,29;
68,24;1304;0;12;100;16;0,00;15,29;
68,27;1299;0;11;100;16;0,00;15,29;
68,34;1299;0;12;100;16;0,00;15,29;
68,36;1300;0;13;100;16;0,00;15,29;
68,44;1300;0;13;100;16;0,00;15,29;
68,46;1298;0;12;100;16;0,00;15,29;
68,49;1298;0;12;100;16;0,00;15,29;
68,56;1298;0;12;100;16;0,00;15,29;
68,58;1296;0;12;100;16;0,00;15,29;
68,66;1296;0;12;100;16;0,00;15,29;
68,68;1296;0;11;100;16;0,00;15,29;
68,71;1288;0;11;100;16;0,00;15,29;
68,78;1288;0;11;100;16;0,00;15,29;
68,80;1286;0;13;100;16;0,00;15,29;
68,88;1286;0;11;100;16;0,00;15,29;
68,89;1286;0;12;100;16;0,00;15,29;
68,93;1283;0;11;100;16;0,00;15,29;
68,99;1283;0;11;100;16;0,00;15,29;
69,01;1283;0;13;100;16;0,00;15,29;
69,02;1287;0;11;100;16;0,00;15,29;
69,10;1287;0;12;100;16;0,00;15,29;
69,12;1289;0;11;100;16;0,00;15,29;
69,15;1289;0;12;100;16;0,00;15,29;
69,21;1289;0;11;100;16;0,00;15,29;
69,24;1292;0;14;100;16;0,00;15,29;
69,32;1292;0;14;100;16;0,00;15,29;
69,34;1292;0;13;100;16;0,00;15,29;
69,36;1293;0;13;100;16;0,00;15,29;
69,44;1293;0;12;100;16;0,00;15,29;
69,46;1290;0;11;100;16;0,00;15,29;
69,54;1290;0;14;100;16;0,00;15,29;
69,55;1290;0;12;100;16;0,00;15,29;
69,58;1292;0;12;100;16;0,00;15,29;
69,64;1292;0;11;100;16;0,00;15,29;
69,66;1292;0;11;98;16;0,00;15,29;
69,68;1295;0;11;100;16;0,00;15,29;
69,75;1299;0;12;100;16;0,00;15,29;
69,77;1299;0;11;100;16;0,00;15,29;
69,80;1306;0;11;100;16;0,00;15,29;
69,86;1306;0;11;100;16;0,00;15,29;
69,89;1306;0;12;100;16;0,00;15,29;
69,90;1307;0;12;100;16;0,00;15,29;
69,97;1307;0;12;100;16;0,00;15,29;
70,00;1307;0;12;100;16;0,00;15,29;
70,02;1308;0;11;100;16;0,00;15,29;
70,09;1308;0;11;100;16;0,00;15,29;
70,11;1310;0;13;100;16;0,00;15,29;
70,20;1310;0;13;100;16;0,00;15,29;
70,22;1309;0;12;100;16;0,00;15,29;
70,24;1309;0;11;100;16;0,00;15,29;
70,31;1316;0;13;100;16;0,00;15,29;
70,33;1316;0;10;100;16;0,00;15,29;
70,41;1319;0;12;100;16;0,00;15,29;
70,43;1319;0;11;100;16;0,00;15,29;
70,46;1318;0;11;100;16;0,00;15,29;
70,53;1318;0;11;100;16;0,00;15,29;
70,55;1317;0;13;100;16;0,00;15,29;
70,63;1317;0;13;100;16;0,00;15,29;
70,65;1317;0;13;100;16;0,00;15,29;
70,68;1315;0;12;100;16;0,00;15,29;
70,75;1315;0;12;100;16;0,00;15,29;
70,77;1317;0;11;100;16;0,00;15,29;
70,85;1317;0;12;100;16;0,00;15,29;
70,86;1314;0;11;100;16;0,00;15,29;
70,89;1314;0;12;100;16;0,00;15,29;
70,95;1312;0;13;100;16;0,00;15,29;
70,97;1312;0;11;100;16;0,00;15,29;
70,99;1310;0;12;100;16;0,00;15,29;
71,07;1310;0;14;100;16;0,00;15,29;
71,08;1310;0;12;100;16;0,00;15,29;
71,11;1318;0;12;100;16;0,00;15,29;
71,18;1318;0;12;100;16;0,00;15,29;
71,21;1318;0;11;100;16;0,00;15,29;
71,29;1318;0;11;100;16;0,00;15,29;
71,31;1316;0;12;100;16;0,00;15,29;
71,33;1316;0;13;100;16;0,00;15,29;
71,40;1308;0;13;100;16;0,00;15,29;
71,43;1302;0;11;100;16;0,00;15,29;
71,51;1302;0;10;100;16;0,00;15,29;
71,53;1302;0;11;100;16;0,00;15,29;
71,55;1303;0;12;100;16;0,00;15,29;
71,61;1303;0;11;100;16;0,00;15,29;
71,65;1305;0;14;100;16;0,00;15,29;
71,73;1305;0;11;100;16;0,00;15,29;
71,74;1305;0;14;100;16;0,00;15,29;
71,77;1305;0;11;100;16;0,00;15,29;
71,83;1305;0;12;100;16;0,00;15,29;
71,86;1307;0;12;100;16;0,00;15,29;
71,94;1307;0;12;100;16;0,00;15,29;
71,96;1305;0;11;100;16;0,00;15,29;
71,99;1305;0;12;98;16;0,00;15,29;
72,06;1300;0;11;100;16;0,00;15,29;
72,08;1295;0;13;100;16;0,00;15,29;
72,16;1295;0;14;100;16;0,00;15,29;
72,19;1295;0;11;100;16;0,00;15,29;
72,21;1300;0;11;100;16;0,00;15,29;
72,27;1300;0;14;100;16;0,00;15,29;
72,30;1303;0;11;100;16;0,00;15,29;
72,38;1303;0;13;100;16;0,00;15,29;
72,40;1303;0;11;100;16;0,00;15,29;
72,43;1298;0;12;100;16;0,00;15,29;
72,49;1298;0;11;100;16;0,00;15,29;
72,52;1300;0;13;98;16;0,00;15,29;
72,60;1300;0;11;100;16;0,00;15,29;
72,62;1300;0;11;100;16;0,00;15,29;
72,64;1301;0;13;100;16;0,00;15,29;
72,72;1301;0;13;100;16;0,00;15,29;
72,74;1307;0;11;100;16;0,00;15,29;
72,83;1307;0;11;100;16;0,00;15,29;
72,84;1307;0;12;100;16;0,00;15,29;
72,86;1304;0;13;100;16;0,00;15,29;
72,93;1304;0;11;100;16;0,00;15,29;
72,96;1299;0;13;100;16;0,00;15,29;
73,04;1299;0;12;100;16;0,00;15,29;
73,07;1295;0;12;100;16;0,00;15,29;
73,08;1295;0;11;100;16;0,00;15,29;
73,15;1295;0;14;100;16;0,00;15,29;
73,18;1295;0;12;100;16;0,00;15,29;
73,25;1300;0;12;100;16;0,00;15,29;
73,28;1300;0;12;100;16;0,00;15,29;
73,30;1303;0;13;100;16;0,00;15,29;
73,37;1303;0;12;100;16;0,00;15,29;
73,39;1302;0;14;100;16;0,00;15,29;
73,48;1302;0;11;100;16;0,00;15,29;
73,50;1302;0;12;100;16;0,00;15,29;
73,52;1295;0;14;100;16;0,00;15,29;
73,59;1295;0;12;100;16;0,00;15,29;
73,62;1298;0;12;100;16;0,00;15,29;
73,69;1298;0;13;100;16;0,00;15,29;
73,71;1297;0;12;101;16;0,00;15,29;
73,74;1297;0;12;100;16;0,00;15,29;
73,81;1296;0;11;100;16;0,00;15,29;
73,83;1297;0;11;100;16;0,00;15,29;
73,91;1297;0;10;100;16;0,00;15,29;
73,93;1297;0;11;100;16;0,00;15,29;
73,96;1297;0;12;98;16;0,00;15,29;
74,03;1297;0;11;100;16;0,00;15,29;
74,05;1297;0;12;98;16;0,00;15,29;
74,13;1297;0;13;98;16;0,00;15,29;
74,15;1297;0;13;100;16;0,00;15,29;
74,18;1295;0;13;100;16;0,00;15,29;
74,25;1295;0;12;100;16;0,00;15,29;
74,27;1295;0;11;98;16;0,00;15,29;
74,35;1295;0;12;100;16;0,00;15,29;
74,36;1290;0;12;101;16;0,00;15,29;
74,39;1290;0;12;101;16;0,00;15,29;
74,46;1291;0;14;98;16;0,00;15,29;
74,47;1291;0;11;100;16;0,00;15,29;
74,49;1294;0;13;98;16;0,00;15,29;
74,57;1294;0;11;98;16;0,00;15,29;
74,58;1294;0;13;98;16;0,00;15,29;
74,61;1294;0;13;98;16;0,00;15,29;
74,68;1294;0;13;100;16;0,00;15,29;
74,71;1295;0;11;98;16;0,00;15,29;
74,79;1295;0;11;100;16;0,00;15,29;
74,81;1295;0;11;98;16;0,00;15,29;
74,83;1297;0;11;98;16;0,00;15,29;
74,91;1297;0;12;98;16;0,00;15,29;
74,93;1297;0;12;100;16;0,00;15,29;
75,01;1296;0;13;100;16;0,00;15,29;
75,03;1296;0;12;98;16;0,00;15,29;
75,05;1295;0;12;98;16;0,00;15,29;
75,13;1295;0;13;98;16;0,00;15,29;
75,15;1296;0;12;98;16;0,00;15,29;
75,23;1296;0;12;98;16;0,00;15,29;
75,24;1296;0;12;98;16;0,00;15,29;
75,27;1299;0;11;98;16;0,00;15,29;
75,34;1299;0;11;98;16;0,00;15,29;
75,36;1301;0;13;100;16;0,00;15,29;
75,45;1301;0;12;98;16;0,00;15,29;
75,46;1300;0;12;100;16;0,00;15,29;
75,49;1300;0;12;98;16;0,00;15,29;
75,56;1307;0;12;98;16;0,00;15,29;
75,58;1307;0;11;98;16;0,00;15,29;
75,66;1307;0;10;100;16;0,00;15,29;
75,69;1307;0;12;98;16;0,00;15,29;
75,71;1305;0;12;98;16;0,00;15,29;
75,78;1305;0;11;98;16;0,00;15,29;
75,80;1305;0;11;98;16;0,00;15,29;
75,88;1305;0;11;98;16;0,00;15,29;
75,90;1305;0;14;98;16;0,00;15,29;
75,93;1304;0;11;98;16;0,00;15,29;
75,99;1304;0;14;98;16;0,00;15,29;
76,02;1299;0;11;98;16;0,00;15,29;
76,11;1299;0;12;98;16;0,00;15,29;
76,12;1297;0;11;98;16;0,00;15,29;
76,15;1296;0;11;100;16;0,00;15,29;
76,22;1296;0;11;100;16;0,00;15,29;
76,24;1301;0;11;98;16;0,00;15,29;
76,33;1301;0;13;98;16;0,00;15,29;
76,34;1301;0;13;98;16;0,00;15,29;
76,37;1300;0;12;98;16;0,00;15,29;
76,44;1300;0;12;98;16;0,00;15,29;
76,46;1300;0;11;98;16;0,00;15,29;
76,54;1300;0;11;98;16;0,00;15,29;
76,57;1300;0;12;98;16;0,00;15,29;
76,58;1302;0;13;98;16;0,00;15,29;
76,65;1302;0;12;98;16;0,00;15,29;
76,66;1302;0;11;98;16;0,00;15,29;
76,68;1300;0;14;98;16;0,00;15,29;
76,76;1297;0;11;98;16;0,00;15,29;
76,77;1297;0;11;98;16;0,00;15,29;
76,80;1301;0;12;98;16;0,00;15,29;
76,87;1301;0;14;98;16;0,00;15,29;
76,90;1301;0;11;98;16;0,00;15,29;
76,98;1301;0;11;98;16;0,00;15,29;
77,00;1301;0;11;100;16;0,00;15,29;
77,02;1307;0;11;98;16;0,00;15,29;
77,10;1307;0;11;98;16;0,00;15,29;
77,11;1305;0;13;98;16;0,00;15,29;
77,19;1305;0;11;98;16;0,00;15,29;
77,21;1300;0;12;98;16;0,00;15,29;
77,24;1300;0;11;98;16;0,00;15,29;
77,31;1305;0;12;98;16;0,00;15,29;
77,33;1305;0;11;98;16;0,00;15,29;
77,41;1309;0;12;98;16;0,00;15,29;
77,43;1309;0;12;98;16;0,00;15,29;
77,46;1304;0;11;98;16;0,00;15,29;
77,53;1304;0;11;98;16;0,00;15,29;
77,55;1305;0;12;98;16;0,00;15,29;
77,64;1305;0;12;98;16;0,00;15,29;
77,65;1305;0;12;98;16;0,00;15,29;
77,68;1304;0;12;98;16;0,00;15,29;
77,75;1304;0;13;98;16;0,00;15,29;
77,77;1301;0;11;98;16;0,00;15,29;
77,85;1301;0;13;96;16;0,00;15,29;
77,86;1301;0;12;98;16;0,00;15,29;
77,89;1301;0;12;98;16;0,00;15,29;
77,96;1304;0;10;98;16;0,00;15,29;
77,99;1308;0;12;98;16;0,00;15,29;
78,07;1308;0;11;98;16;0,00;15,29;
78,09;1308;0;14;98;16;0,00;15,29;
78,11;1307;0;11;98;16;0,00;15,29;
78,18;1307;0;14;98;16;0,00;15,29;
78,21;1309;0;12;98;16;0,00;15,29;
78,28;1309;0;13;98;16;0,00;15,29;
78,30;1306;0;11;98;16;0,00;15,29;
78,34;1306;0;11;98;16;0,00;15,29;
78,41;1305;0;11;98;16;0,00;15,29;
78,43;1305;0;12;98;16;0,00;15,29;
78,51;1304;0;12;98;16;0,00;15,29;
78,53;1304;0;13;98;16;0,00;15,29;
78,55;1306;0;12;98;16;0,00;15,29;
78,63;1306;0;13;98;16;0,00;15,29;
78,64;1306;0;11;96;16;0,00;15,29;
78,73;1306;0;14;98;16;0,00;15,29;
78,76;1306;0;11;98;16;0,00;15,29;
78,77;1313;0;11;98;16;0,00;15,29;
78,84;1313;0;11;98;16;0,00;15,29;
78,86;1318;0;13;98;16;0,00;15,29;
78,94;1318;0;13;98;16;0,00;15,29;
78,96;1315;0;12;98;16;0,00;15,29;
78,99;1315;0;12;98;16;0,00;15,29;
79,06;1313;0;12;98;16;0,00;15,29;
79,08;1313;0;11;98;16;0,00;15,29;
79,16;1313;0;11;98;16;0,00;15,29;
79,18;1313;0;11;98;16;0,00;15,29;
79,21;1314;0;10;98;16;0,00;15,29;
79,27;1314;0;11;98;16;0,00;15,29;
79,30;1316;0;12;98;16;0,00;15,29;
79,38;1316;0;13;98;16;0,00;15,29;
79,40;1316;0;12;98;16;0,00;15,29;
79,43;1314;0;13;98;16;0,00;15,29;
79,49;1314;0;12;98;16;0,00;15,29;
79,52;1313;0;13;98;16;0,00;15,29;
79,60;1318;0;11;98;16;0,00;15,29;
79,62;1318;0;13;98;16;0,00;15,29;
79,65;1325;0;13;98;16;0,00;15,29;
79,72;1325;0;13;98;16;0,00;15,29;
79,74;1324;0;11;98;16;0,00;15,29;
79,82;1324;0;11;98;16;0,00;15,29;
79,84;1324;0;10;98;16;0,00;15,29;
79,86;1327;0;11;98;16;0,00;15,29;
79,93;1327;0;11;98;16;0,00;15,29;
79,96;1334;0;11;98;16;0,00;15,29;
80,04;1334;0;11;98;16;0,00;15,29;
80,07;1334;0;12;98;16;0,00;15,29;
80,08;1334;0;11;98;16;0,00;15,29;
80,15;1336;0;10;98;16;0,00;15,29;
80,18;1342;0;10;98;16;0,00;15,29;
80,25;1342;0;12;98;16;0,00;15,29;
80,28;1342;0;12;98;16;0,00;15,29;
80,30;1346;0;13;100;16;0,00;15,29;
80,37;1346;0;11;98;16;0,00;15,29;
80,40;1347;0;12;98;16;0,00;15,29;
80,48;1347;0;11;98;16;0,00;15,29;
80,50;1346;0;11;98;16;0,00;15,29;
80,52;1346;0;11;98;16;0,00;15,29;
80,59;1343;0;13;98;16;0,00;15,29;
80,61;1338;0;10;98;16;0,00;15,29;
80,70;1338;0;11;98;16;0,00;15,29;
80,71;1338;0;10;98;16;0,00;15,29;
80,74;1339;0;10;98;16;0,00;15,29;
80,81;1339;0;11;98;16;0,00;15,29;
80,83;1340;0;11;98;16;0,00;15,29;
80,92;1340;0;12;98;16;0,00;15,29;
80,93;1340;0;11;98;16;0,00;15,29;
80,96;1335;0;10;98;16;0,00;15,29;
81,03;1334;0;11;98;16;0,00;15,29;
81,05;1334;0;12;98;16;0,00;15,29;
81,13;1329;0;11;98;16;0,00;15,29;
81,15;1329;0;12;98;16;0,00;15,29;
81,18;1326;0;11;98;16;0,00;15,29;
81,24;1326;0;11;98;16;0,00;15,29;
81,25;1326;0;12;98;16;0,00;15,29;
81,27;1324;0;11;98;16;0,00;15,29;
81,35;1324;0;11;98;16;0,00;15,29;
81,36;1324;0;13;98;16;0,00;15,29;
81,40;1328;0;11;98;16;0,00;15,29;
81,45;1328;0;11;98;16;0,00;15,29;
81,48;1328;0;12;98;16;0,00;15,29;
81,49;1331;0;11;98;16;0,00;15,29;
81,57;1331;0;11;98;16;0,00;15,29;
81,59;1327;0;10;98;16;0,00;15,29;
81,61;1327;0;12;98;16;0,00;15,29;
81,68;1329;0;11;96;16;0,00;15,29;
81,71;1331;0;13;98;16;0,00;15,29;
81,78;1331;0;11;98;16;0,00;15,29;
81,80;1331;0;13;98;16;0,00;15,29;
81,83;1332;0;12;98;16;0,00;15,29;
81,89;1332;0;11;96;16;0,00;15,29;
81,91;1332;0;11;98;16;0,00;15,29;
81,93;1330;0;12;98;16;0,00;15,29;
82,01;1330;0;12;98;16;0,00;15,29;
82,03;1333;0;13;98;16;0,00;15,29;
82,05;1333;0;11;98;16;0,00;15,29;
82,11;1333;0;11;98;16;0,00;15,29;
82,13;1330;0;12;98;16;0,00;15,29;
82,15;1334;0;11;98;16;0,00;15,29;
82,23;1334;0;11;98;16;0,00;15,29;
82,24;1334;0;11;96;16;0,00;15,29;
82,27;1330;0;11;98;16;0,00;15,29;
82,34;1330;0;11;98;16;0,00;15,29;
82,36;1328;0;12;98;16;0,00;15,29;
82,44;1328;0;11;98;16;0,00;15,29;
82,46;1328;0;12;98;16;0,00;15,29;
82,49;1330;0;11;98;16;0,00;15,29;
82,56;1330;0;10;96;16;0,00;15,29;
82,58;1324;0;13;98;16;0,00;15,29;
82,66;1328;0;11;98;16;0,00;15,29;
82,69;1328;0;12;98;16;0,00;15,29;
82,71;1334;0;11;98;16;0,00;15,29;
82,77;1334;0;12;96;16;0,00;15,29;
82,80;1335;0;10;98;16;0,00;15,29;
82,88;1335;0;11;91;16;0,00;15,29;
82,90;1335;0;11;98;16;0,00;15,29;
82,93;1330;0;11;98;16;0,00;15,29;
82,99;1330;0;12;98;16;0,00;15,29;
83,02;1328;0;11;96;16;0,00;15,29;
83,10;1328;0;12;98;16;0,00;15,29;
83,12;1327;0;12;98;16;0,00;15,29;
83,14;1324;0;11;98;16;0,00;15,29;
83,22;1324;0;10;98;16;0,00;15,29;
83,24;1326;0;12;98;16;0,00;15,29;
83,32;1326;0;12;96;16;0,00;15,29;
83,35;1326;0;12;98;16;0,00;15,29;
83,36;1325;0;12;96;16;0,00;15,29;
83,43;1325;0;13;98;16;0,00;15,29;
83,46;1322;0;11;98;16;0,00;15,29;
83,54;1322;0;11;98;16;0,00;15,29;
83,55;1324;0;10;98;16;0,00;15,29;
83,58;1324;0;10;98;16;0,00;15,29;
83,65;1324;0;11;96;16;0,00;15,29;
83,67;1322;0;13;98;16;0,00;15,29;
83,68;1322;0;10;96;16;0,00;15,29;
83,76;1318;0;12;95;16;0,00;15,29;
83,78;1318;0;12;96;16;0,00;15,29;
83,80;1318;0;12;98;16;0,00;15,29;
83,87;1318;0;11;96;16;0,00;15,29;
83,89;1322;0;11;96;16;0,00;15,29;
83,97;1322;0;11;96;16;0,00;15,29;
83,99;1322;0;12;96;16;0,00;15,29;
84,02;1324;0;10;96;16;0,00;15,29;
84,11;1321;0;11;96;16;0,00;15,29;
84,13;1321;0;11;96;16;0,00;15,29;
84,20;1321;0;12;98;16;0,00;15,29;
84,21;1318;0;11;96;16;0,00;15,29;
84,24;1322;0;11;98;16;0,00;15,29;
84,31;1322;0;11;96;16;0,00;15,29;
84,33;1319;0;10;96;16;0,00;15,29;
84,42;1319;0;12;96;16;0,00;15,29;
84,43;1319;0;12;96;16;0,00;15,29;
84,46;1319;0;11;96;16;0,00;15,29;
84,53;1319;0;11;98;16;0,00;15,29;
84,55;1316;0;11;96;16;0,00;15,29;
84,63;1316;0;11;96;16;0,00;15,29;
84,64;1315;0;11;96;16;0,00;15,29;
84,68;1315;0;10;96;16;0,00;15,29;
84,74;1315;0;13;98;16;0,00;15,29;
84,77;1315;0;12;96;16;0,00;15,29;
84,85;1317;0;12;96;16;0,00;15,29;
84,87;1317;0;11;96;16;0,00;15,29;
84,90;1317;0;12;96;16;0,00;15,29;
84,96;1317;0;11;96;16;0,00;15,29;
84,99;1314;0;12;96;16;0,00;15,29;
85,06;1314;0;13;96;16;0,00;15,29;
85,09;1314;0;13;96;16;0,00;15,29;
85,11;1316;0;12;96;16;0,00;15,29;
85,19;1316;0;13;96;16;0,00;15,29;
85,21;1315;0;11;96;16;0,00;15,29;
85,29;1309;0;10;96;16;0,00;15,29;
85,31;1309;0;11;96;16;0,00;15,29;
85,33;1309;0;12;96;16;0,00;15,29;
85,39;1314;0;11;96;16;0,00;15,29;
85,43;1317;0;11;96;16;0,00;15,29;
85,51;1317;0;11;96;16;0,00;15,29;
85,54;1317;0;12;96;16;0,00;15,29;
85,55;1318;0;12;96;16;0,00;15,29;
85,62;1318;0;11;96;16;0,00;15,29;
85,65;1316;0;11;96;16;0,00;15,29;
85,73;1316;0;11;96;16;0,00;15,29;
85,74;1314;0;11;96;16;0,00;15,29;
85,77;1314;0;12;96;16;0,00;15,29;
85,84;1316;0;13;96;16;0,00;15,29;
85,86;1316;0;11;96;16;0,00;15,29;
85,94;1323;0;10;96;16;0,00;15,29;
85,97;1323;0;11;96;16;0,00;15,29;
85,99;1318;0;10;96;16;0,00;15,29;
86,06;1318;0;11;96;16;0,00;15,29;
86,08;1316;0;13;96;16;0,00;15,29;
86,16;1316;0;11;96;16;0,00;15,29;
86,18;1316;0;13;96;16;0,00;15,29;
86,21;1316;0;11;96;16;0,00;15,29;
86,27;1316;0;11;96;16;0,00;15,29;
86,29;1316;0;12;96;16;0,00;15,29;
86,30;1316;0;11;98;16;0,00;15,29;
86,37;1316;0;11;96;16;0,00;15,29;
86,40;1316;0;11;96;16;0,00;15,29;
86,43;1319;0;10;96;16;0,00;15,29;
86,50;1319;0;11;96;16;0,00;15,29;
86,52;1320;0;12;96;16;0,00;15,29;
86,60;1320;0;12;96;16;0,00;15,29;
86,62;1320;0;12;96;16;0,00;15,29;
86,64;1315;0;12;96;16;0,00;15,29;
86,71;1315;0;11;96;16;0,00;15,29;
86,74;1313;0;13;96;16;0,00;15,29;
86,83;1313;0;13;96;16;0,00;15,29;
86,85;1311;0;12;96;16;0,00;15,29;
86,86;1311;0;12;96;16;0,00;15,29;
86,93;1314;0;13;96;16;0,00;15,29;
86,96;1314;0;11;120;16;0,00;15,53;
87,04;1314;0;12;120;16;0,00;15,45;
87,05;1314;0;12;120;16;0,00;15,37;
87,08;1314;0;13;120;16;0,00;15,06;
87,15;1314;0;14;120;16;0,00;14,98;
87,18;1314;0;13;120;16;0,00;14,82;
87,25;1314;0;13;120;16;0,00;14,75;
87,28;1314;0;13;120;16;0,00;14,75;
87,30;1314;0;15;120;16;0,00;14,67;
87,37;1314;0;15;120;16;0,00;14,67;
87,39;1314;0;17;120;16;0,00;14,59;
87,48;1314;0;16;120;16;0,00;14,59;
87,50;1314;0;18;120;16;0,00;14,51;
87,52;0;0;20;120;16;0,00;14,51;
87,59;0;0;20;120;16;0,00;14,51;
87,61;0;0;24;120;16;0,00;14,43;
87,69;0;0;23;120;16;0,00;14,43;
87,71;0;0;24;120;16;0,00;14,43;
87,74;0;0;28;120;16;0,00;14,35;
87,81;0;0;26;120;16;0,00;14,35;
87,83;0;0;31;120;16;0,00;14,35;
87,92;0;0;33;120;16;0,00;14,35;
87,93;0;0;32;120;16;0,00;14,35;
87,96;0;0;37;120;16;0,00;14,35;
88,03;0;0;37;120;16;0,00;14,35;
88,05;0;0;44;120;16;0,00;14,35;
88,13;0;0;44;120;16;0,00;14,35;
88,15;0;0;44;120;16;0,00;14,27;
88,18;0;0;48;120;16;0,00;14,27;
88,24;0;0;51;120;16;0,00;14,27;
88,27;0;0;59;120;16;0,00;14,27;
88,35;0;0;60;120;16;0,00;14,27;
88,36;0;0;64;120;16;0,00;14,27;
88,39;0;0;68;120;16;0,00;14,27;
88,47;0;0;69;120;16;0,00;14,27;
88,49;0;0;72;120;16;0,00;14,27;
88,57;0;0;73;120;16;0,00;14,27;
88,59;0;0;74;120;16;0,00;14,27;
88,61;0;0;76;120;16;0,00;14,27;
88,68;0;0;77;120;16;0,00;14,27;
88,71;0;0;79;120;16;0,00;14,27;
88,78;0;0;79;120;16;0,00;14,27;
88,80;0;0;80;120;16;0,00;14,27;
88,83;0;0;81;120;16;0,00;14,27;
88,89;0;0;81;120;16;0,00;14,27;
88,91;0;0;82;120;16;0,00;14,27;
88,93;0;0;83;120;16;0,00;14,27;
89,01;0;0;83;120;16;0,00;14,27;
89,04;0;0;83;120;16;0,00;14,27;
89,05;0;0;83;120;16;0,00;14,27;
89,12;0;0;83;120;16;0,00;14,27;
89,14;0;0;83;120;16;0,00;14,27;
89,23;0;0;84;120;16;0,00;14,27;
89,24;0;0;83;120;16;0,00;14,27;
89,27;0;0;84;120;16;0,00;14,27;
89,34;0;0;84;120;16;0,00;14,27;
89,36;0;0;84;120;16;0,00;14,27;
89,44;0;0;84;120;16;0,00;14,27;
89,47;0;0;84;120;16;0,00;14,27;
89,49;0;0;84;120;16;0,00;14,27;
89,55;0;0;84;120;16;0,00;14,27;
89,56;0;0;84;120;16;0,00;14,27;
89,58;0;0;84;120;16;0,00;14,27;
89,66;0;0;84;120;16;0,00;14,27;
89,68;0;0;84;120;16;0,00;14,27;
89,71;0;0;84;120;16;0,00;14,27;
89,77;0;0;84;120;16;0,00;14,27;
89,80;0;0;84;120;16;0,00;14,27;
89,87;0;0;84;120;16;0,00;14,27;
89,90;0;0;84;120;16;0,00;14,27;
89,93;0;0;84;120;16;0,00;14,27;
89,99;0;0;84;120;16;0,00;14,27;
90,02;0;0;84;120;16;0,00;14,27;
90,11;0;0;84;120;16;0,00;14,27;
90,12;0;0;84;120;16;0,00;14,27;
90,15;0;0;84;120;16;0,00;14,20;
90,22;0;0;84;120;16;0,00;14,20;
90,24;0;0;84;120;16;0,00;14,20;
90,32;0;0;84;120;16;0,00;14,20;
90,35;0;0;84;120;16;0,00;14,20;
90,36;0;0;84;120;16;0,00;14,20;
90,43;0;0;84;120;16;0,00;14,20;
90,46;0;0;84;120;16;0,00;14,20;
90,54;0;0;84;120;16;0,00;14,20;
90,56;0;0;84;120;16;0,00;14,20;
90,58;0;0;84;120;16;0,00;14,20;
90,65;0;0;84;120;16;0,00;14,20;
90,68;0;0;84;120;16;0,00;14,20;
90,75;0;0;84;120;16;0,00;14,20;
90,77;0;0;84;120;16;0,00;14,20;
90,80;0;0;84;120;16;0,00;14,20;
90,87;0;0;84;120;16;0,00;14,20;
90,89;0;0;84;120;16;0,00;14,20;
90,98;0;0;84;120;16;0,00;14,20;
91,00;0;0;84;120;16;0,00;14,20;
91,02;0;0;84;120;16;0,00;14,20;
91,08;0;0;84;120;16;0,00;14,20;
91,10;0;0;84;120;16;0,00;14,20;
91,11;0;0;84;120;16;0,00;14,20;
91,19;0;0;84;120;16;0,00;14,20;
91,21;0;0;84;120;18;0,00;14,20;
91,24;0;0;84;120;18;0,00;14,20;
91,31;0;0;84;120;18;0,00;14,20;
91,33;0;0;84;120;18;0,00;14,20;
91,41;0;0;84;120;18;0,00;14,20;
91,43;0;0;84;120;18;0,00;14,20;
91,46;0;0;84;120;18;0,00;14,20;
91,53;0;0;84;120;18;0,00;14,20;
91,55;0;0;84;120;18;0,00;14,20;
91,63;0;0;84;120;18;0,00;14,20;
91,65;0;0;84;120;18;0,00;14,20;
91,68;0;0;84;120;18;0,00;14,20;
91,74;0;0;84;120;18;0,00;14,20;
91,77;0;0;84;120;18;0,00;14,20;
91,85;0;0;84;120;18;0,00;14,20;
91,87;0;0;84;120;18;0,00;14,20;
91,90;0;0;84;120;18;0,00;14,20;
91,96;0;0;84;120;18;0,00;14,20;
91,99;0;0;84;120;18;0,00;14,20;
92,07;0;0;84;120;18;0,00;14,20;
92,09;0;0;84;120;18;0,00;14,20;
92,12;0;0;84;120;18;0,00;14,20;
92,18;0;0;84;120;18;0,00;14,20;
92,21;0;0;84;120;18;0,00;14,20;
92,29;0;0;84;120;18;0,00;14,20;
92,30;0;0;84;120;18;0,00;14,20;
92,33;0;0;84;120;18;0,00;14,20;
92,40;0;0;84;120;18;0,00;14,20;
92,43;0;0;84;120;18;0,00;14,20;
92,51;0;0;84;120;18;0,00;14,20;
92,52;0;0;84;120;18;0,00;14,20;
92,55;0;0;84;120;18;0,00;14,20;
92,61;0;0;84;120;18;0,00;14,20;
92,65;0;0;84;120;18;0,00;14,20;
92,73;0;0;84;120;18;0,00;14,20;
92,74;0;0;84;120;18;0,00;14,20;
92,77;0;0;84;120;18;0,00;14,20;
92,84;0;0;84;120;18;0,00;14,20;
92,87;0;0;84;120;18;0,00;14,20;
92,94;0;0;84;120;18;0,00;14,20;
92,97;0;0;84;120;18;0,00;14,20;
92,99;0;0;84;120;18;0,00;14,20;
93,05;0;0;84;120;18;0,00;14,20;
93,06;0;0;84;120;18;0,00;14,20;
93,08;0;0;84;120;18;0,00;14,20;
93,16;0;0;84;120;18;0,00;14,20;
93,18;0;0;84;120;18;0,00;14,20;
93,21;0;0;84;120;18;0,00;14,20;
93,27;0;0;84;120;18;0,00;14,20;
93,30;0;0;84;120;18;0,00;14,20;
93,38;0;0;84;120;18;0,00;14,20;
93,40;0;0;84;120;18;0,00;14,20;
93,43;0;0;84;120;18;0,00;14,20;
